GRB180326A,19h26m55s,-13d33',IPN,
GRB180325A,10h29m44s,+24d26',Swift,2.248
GRB180324A,05h06m20s,+56d43',Swift,
GRB180318A,12h01m22s,+33d56',IPN,
GRB180317A,06h08m47s,+23d10',IPN,
GRB180316A,17h41m45s,+00d44',Swift,
GRB180314B,19h51m28s,+23d37',Swift,
GRB180314A,06h37m06s,-24d29',Swift,
GRB180311A,00h13m44s,-54d29',Swift,
GRB180305A,03h18m41s,+32d06',Fermi,
GRB180224A,13h30m39s,+38d05',Swift,
GRB180222A,17h06m17s,-36d48',Swift,
GRB180210A,00h07m12s,+18d21',Fermi,
GRB180205A,08h27m17s,+11d33',Swift,1.409
GRB180204AS,22h00m28s,+30d51',Swift,
GRB180116A,14h22m37s,+18d58',MAXI,
GRB180115A,00h48m18s,-15d36',Swift,2.487?
GRB180113C,11h41m12s,-63d16',IPN,
GRB180113B,00h26m47s,+24d01',IPN,
GRB180113A,01h16m52s,+68d41',Swift,
GRB180111A,09h59m22s,+48d16',Swift,
GRB180103A,10h38m20s,-53d33',Swift,
GRB180102A,13h32m28s,+62d09',Swift,
GRB171222A,09h53m10s,+35d37',Swift,2.409
GRB171216B,22h40m16s,+52d03',IPN,
GRB171216A,14h08m19s,-50d28',Swift,
GRB171212B,02h37m46s,-70d37',Fermi,
GRB171212A,19h35m36s,+20d34',Swift,
GRB171211A,06h32m26s,-58d40',Swift,
GRB171210A,22h21m14s,+24d26',Fermi,
GRB171209A,09h17m32s,-30d32',Swift,
GRB171205A,11h09m47s,-12d36',Swift,0.0368
GRB171124A,22h22m05s,+35d13',Fermi,
GRB171123A,12h24m46s,+32d32',Swift,
GRB171120A,10h55m09s,+22d27',Swift,
GRB171119A,09h01m16s,-50d17',IPN,
GRB171115A,18h33m39s,+09d08',Swift,
GRB171112A,01h20m18s,-59d38',MAXI,
GRB171103AS,16h38m09s,-10d13',Swift,
GRB171102B,19h12m25s,+22d26',Swift,
GRB171102A,12h30m55s,+54d02',Fermi,
GRB171027A,04h06m43s,-02d36',Swift,
GRB171022A,14h21m25s,+12d51',IPN,
GRB171020A,02h37m03s,+15d11',Swift,1.87
GRB171011A,15h47m03s,-10d04',Swift,
GRB171010B,02h16m30s,-54d25',Swift,
GRB171010A,04h26m58s,-10d32',Fermi,0.3285
GRB171007A,09h02m10s,+42d51',Swift,
GRB171004A,09h16m39s,+52d41',Swift,
GRB171001A,01h28m21s,-11d54',Swift,
GRB170921B,08h49m30s,+57d03',IPN,
GRB170921A,01h47m24s,+30d52',Swift,
GRB170912B,14h21m52s,-62d02',Swift,
GRB170912A,11h09m29s,-54d22',Swift,
GRB170911A,04h48m23s,+30d55',MAXI,
GRB170906C,08h34m49s,+70d47',Swift,
GRB170906B,15h28m53s,-28d15',Swift,
GRB170906A,13h35m58s,-47d07',Swift,
GRB170904A,02h21m30s,-32d30',IPN,
GRB170903A,16h58m03s,+34d59',Swift,0.886?
GRB170830A,17h48m58s,-02d00',MAXI,
GRB170827A,18h24m43s,-40d13',Swift,
GRB170826B,22h05m02s,-33d54',Fermi,
GRB170823A,12h34m53s,+35d35',Swift,
GRB170822A,06h17m32s,+55d01',Swift,
GRB170817AS,12h47m00s,-39d48',Fermi,0.0093
GRB170816A,23h23m22s,+12d51',IPN,
GRB170813A,13h24m13s,-05d28',Swift,
GRB170810A,12h31m48s,+03d39',Swift,
GRB170808B,09h42m38s,+02d11',Fermi,
GRB170808A,10h30m15s,-28d17',MAXI,
GRB170807A,09h33m31s,-17d20',Swift,
GRB170805AS,17h56m56s,-18d19',IPN,
GRB170804A,00h25m44s,-64d45',Swift,
GRB170803A,11h39m48s,-16d19',Swift,
GRB170730A,16h21m12s,-60d53',INTEGRAL,
GRB170728B,15h52m11s,+70d09',Swift,
GRB170728A,03h55m35s,+12d09',Swift,
GRB170724A,10h17m17s,+01d59',Swift,
GRB170714A,02h17m17s,+01d59',Swift,0.793
GRB170711A,03h03m09s,+47d51',Swift,
GRB170710C,23h29m01s,+51d18',INTEGRAL,
GRB170710B,02h52m29s,+42d41',Fermi,
GRB170710A,15h27m15s,-38d33',Swift,
GRB170708A,22h23m20s,+19d48',IPN,
GRB170705A,12h46m49s,+18d18',Swift,2.010
GRB170629A,08h40m04s,-46d35',Swift,
GRB170626A,11h01m39s,+56d28',Swift,
GRB170616AS,07h33m45s,-02d15',IPN,
GRB170610A,06h10m16s,-09d25',MAXI,
GRB170607A,00h29m22s,+09d14',Swift,0.557
GRB170604A,22h50m35s,-15d25',Swift,1.329
GRB170531B,19h07m35s,-16d26',Swift,2.366
GRB170531A,08h05m03s,-14d02',Swift,
GRB170526A,00h18m50s,+01d14',Swift,
GRB170524B,06h03m27s,-17d05',Swift,
GRB170524AS,21h17m49s,+48d35',Swift,
GRB170522B,10h37m04s,-35d33',IPN,
GRB170522A,09h17m22s,+25d40',Fermi,
GRB170519A,10h53m48s,+25d23',Swift,0.818
GRB170516A,02h46m24s,-55d54',Swift,
GRB170511A,20h02m31s,+33d19',MAXI,
GRB170510A,10h39m39s,-39d20',Fermi,
GRB170428AS,22h00m15s,+26d55',Swift,0.454
GRB170424A,22h54m48s,-45d07',Fermi,
GRB170419B,04h01m59s,-15d06',Swift,
GRB170419A,05h19m28s,-21d25',Swift,
GRB170409A,23h10m07s,-07d10',Fermi,
GRB170405A,14h39m14s,-25d15',Swift,
GRB170331A,21h35m08s,-24d25',Swift,
GRB170330A,18h53m18s,-13d26',Swift,
GRB170329A,23h46m24s,+09d48',Fermi,
GRB170325AS,08h29m56s,+20d32',Swift,
GRB170320A,21h20m18s,+55d04',IPN,
GRB170318B,18h57m07s,+06d16',Swift,
GRB170318A,20h22m35s,+28d25',Swift,
GRB170317A,06h12m21s,+50d31',Swift,
GRB170311B,23h39m40s,+31d11',IPN,
GRB170311A,18h42m15s,-30d04',Swift,
GRB170307A,00h54m08s,+09d32',Swift,
GRB170306B,10h18m36s,+51d38',Fermi,
GRB170306A,17h32m20s,-44d45',Swift,
GRB170305A,02h38m38s,+09d54',IPN,
GRB170228A,15h58m12s,-03d35',Fermi,
GRB170222A,19h31m49s,+28d13',IPN,
GRB170219A,03h39m22s,+50d04',IPN,
GRB170214A,17h05m19s,-01d53',Fermi,2.53
GRB170210A,07h08m32s,-46d48',IPN,
GRB170209A,07h08m32s,-46d48',Fermi,
GRB170208B,08h28m37s,-09d02',Swift,
GRB170208A,11h06m15s,-46d47',Swift,
GRB170206B,18h07m09s,+11d13',Swift,
GRB170206AS,14h11m10s,+14d29',Fermi,
GRB170205A,17h28m36s,-00d03',Swift,
GRB170203A,22h11m26s,+25d10',Swift,
GRB170202A,10h10m07s,+05d00',Swift,3.645
GRB170131A,22h45m55s,+64d00',Swift,
GRB170127CS,22h37m19s,-63d56',Fermi,
GRB170127BS,01h19m47s,-30d20',Swift,
GRB170127A,11h37m21s,-45d51',Swift,
GRB170126A,17h34m19s,-64d45',Swift,
GRB170121B,04h50m18s,-09d16',Fermi,
GRB170117A,04h06m21s,+21d45',Swift,
GRB170115B,12h36m29s,-46d51',Fermi,
GRB170115A,22h08m37s,+13d47',Swift,
GRB170113A,04h06m36s,-71d55',Swift,1.968
GRB170112AS,01h00m56s,-17d11',Swift,
GRB170111A,01h22m52s,-32d32',Swift,
GRB170105A,09h13m13s,+61d06',IPN,
GRB170101A,17h48m25s,+11d39',Swift,
GRB161224A,13h39m18s,-18d02',Swift,
GRB161223A,17h19m31s,-25d01',Swift,
GRB161220A,23h23m16s,-47d30',Swift,
GRB161219B,06h06m52s,-26d47',Swift,0.1475
GRB161219A,12h33m45s,+10d28',INTEGRAL,
GRB161218A,16h21m02s,-04d07',Swift,
GRB161217A,10h02m33s,+52d23',Swift,
GRB161214B,00h15m24s,+07d21',Swift,
GRB161214A,12h42m55s,+06d50',INTEGRAL,
GRB161202A,23h47m35s,+19d38',Swift,
GRB161129A,21h04m46s,+32d07',Swift,0.645
GRB161123A,02h08m51s,-39d39',MAXI,
GRB161117B,19h55m25s,-67d42',Swift,
GRB161117A,21h28m17s,-29d38',Swift,1.549
GRB161113A,11h59m20s,-05d21',Swift,
GRB161109A,10h31m26s,+61d48',Fermi,
GRB161108A,12h03m08s,+24d52',Swift,1.159
GRB161105A,08h00m39s,-44d47',Swift,
GRB161104AS,05h11m31s,+51d27',Swift,
GRB161023A,20h44m08s,-47d40',INTEGRAL,2.708
GRB161022A,08h35m52s,+54d22',Swift,
GRB161020B,04h12m25s,-75d35',IPN,
GRB161020A,10h44m08s,-54d46',INTEGRAL,
GRB161017A,09h31m04s,+43d08',Swift,2.013
GRB161015A,17h56m36s,+30d11',Fermi,
GRB161014A,22h10m31s,+07d29',Swift,2.823
GRB161011A,16h22m51s,+08d20',Swift,
GRB161010A,18h20m57s,-28d46',INTEGRAL,
GRB161007A,06h53m34s,+23d17',Swift,
GRB161004B,07h28m38s,-39d54',Swift,
GRB161004A,17h32m41s,-00d56',Swift,
GRB161001A,04h47m39s,-57d17',Swift,
GRB160927AS,17h05m03s,+17d19',Swift,
GRB160917A,19h42m41s,+46d24',Swift,
GRB160912A,20h06m04s,+57d33',Swift,
GRB160910A,14h45m02s,+38d46',Fermi,
GRB160905A,10h48m57s,-50d48',Swift,
GRB160829A,13h26m48s,-56d46',Fermi,
GRB160827A,11h57m11s,-29d10',Swift,
GRB160826A,12h12m18s,-67d41',Swift,
GRB160824A,05h20m19s,+40d02',Swift,
GRB160821BS,18h39m57s,+62d24',Swift,0.16
GRB160821A,11h24m59s,+42d21',Swift,
GRB160819A,07h36m33s,-22d21',Fermi,
GRB160816A,19h18m43s,-35d38',Fermi,
GRB160815A,19h14m11s,+84d19',Swift,
GRB160814A,09h04m17s,-20d58',MAXI,
GRB160804A,14h46m33s,+10d00',Swift,0.736
GRB160802A,01h52m07s,+71d22',IPN,
GRB160801A,14h11m03s,+13d30',Swift,
GRB160726AS,06h35m17s,-06d33',Swift,
GRB160720A,03h52m37s,+73d54',Fermi,
GRB160716A,12h42m10s,-61d22',Swift,
GRB160714AS,15h37m51s,+63d50',Swift,
GRB160712A,20h16m36s,-26d59',Swift,
GRB160709AS,15h43m59s,-28d11',Fermi,
GRB160705B,11h12m21s,+46d43',Swift,
GRB160705A,07h47m00s,-14d59',MAXI,
GRB160703A,19h09m34s,+36d54',Swift,<1.5ph
GRB160702A,15h23m33s,+08d43',IPN,
GRB160630A,13h12m57s,-56d04',Swift,
GRB160629A,00h19m17s,+76d59',INTEGRAL,3.332
GRB160625B,20h33m04s,+06d54',Fermi,1.406
GRB160625A,11h47m45s,-65d07',Swift,
GRB160624AS,22h00m49s,+29d38',Swift,0.483
GRB160623A,21h00m58s,+42d16',Fermi,0.367
GRB160620AS,16h42m39s,+30d19',IPN,
GRB160612AS,23h13m27s,-25d22',Fermi,
GRB160611A,10h57m45s,-70d24',Swift,
GRB160607A,00h54m39s,-04d57',Swift,
GRB160601AS,15h40m08s,+64d30',Swift,
GRB160530A,19h18m43s,-35d38',COSI,
GRB160525B,09h57m46s,+51d11',Swift,
GRB160525A,06h54m07s,-00d10',Swift,
GRB160521B,09h52m41s,+79d01',Fermi,
GRB160521A,08h38m52s,+46d54',INTEGRAL,
GRB160519A,04h44m27s,+31d12',Swift,
GRB160509A,20h40m24s,+76d00',Fermi,1.17
GRB160506A,17h43m06s,-46d07',Swift,
GRB160504A,11h20m10s,+56d00',Swift,
GRB160503A,00h02m10s,-01d56',Fermi,
GRB160501A,19h05m30s,-17d14',Swift,
GRB160425A,18h41m15s,-54d22',Swift,0.555
GRB160424A,21h17m55s,-60d24',Swift,
GRB160422A,02h48m12s,-57d54',Fermi,
GRB160419A,01h05m42s,-27d21',Swift,
GRB160417A,08h00m58s,+07d38',Swift,
GRB160412A,02h12m26s,-67d39',Swift,
GRB160411AS,23h17m27s,-40d16',Swift,
GRB160410AS,10h02m43s,+03d27',Swift,1.717
GRB160409A,19h18m49s,-05d23',Swift,
GRB160408AS,08h10m14s,+71d08',Swift,
GRB160401A,05h58m57s,+26d41',INTEGRAL,
GRB160327A,09h46m45s,+54d01',Swift,5.0?
GRB160325A,01h02m23s,-72d42',Swift,
GRB160321A,06h37m39s,+05d43',Swift,
GRB160314B,11h10m14s,+45d40',Fermi,
GRB160314A,07h31m07s,+17d00',Swift,0.726
GRB160313A,12h15m09s,+57d18',Swift,
GRB160310A,06h35m07s,-07d07',Fermi,
GRB160303AS,11h14m44s,+22d44',Swift,
GRB160228A,07h09m17s,+26d57',Swift,1.64
GRB160227A,12h59m09s,+78d38',Swift,2.38
GRB160225A,10h56m58s,+53d39',Swift,
GRB160223B,06h19m54s,+33d24',INTEGRAL,
GRB160223A,09h50m20s,+09d22',Swift,
GRB160221A,15h28m19s,-28d27',INTEGRAL,
GRB160220B,17h19m25s,-18d07',Swift,
GRB160220A,15h47m42s,-18d33',Swift,
GRB160216A,20h46m49s,-71d33',Swift,
GRB160206A,08h50m47s,-36d06',MAXI,
GRB160203A,10h47m48s,-24d46',Swift,3.52
GRB160131A,05h12m44s,-07d04',Swift,0.972
GRB160127A,15h03m49s,+00d05',Swift,
GRB160123A,10h01m09s,-33d47',Swift,
GRB160121A,07h16m19s,-23d35',Swift,1.960
GRB160119A,14h07m34s,+20d28',Swift,
GRB160117B,08h48m46s,-16d20',Swift,0.870
GRB160117A,01h21m31s,-00d38',Swift,
GRB160113A,11h34m29s,+10d42',Fermi,
GRB160107A,19h58m40s,+06d25',MAXI,
GRB160104A,05h07m13s,+11d21',Swift,
GRB160102A,05h23m21s,-21d02',MAXI,
GRB160101A,14h38m55s,-13d49',MAXI,
GRB151231A,04h38m07s,-61d01',IPN,
GRB151229AS,21h57m31s,-20d44',Swift,
GRB151228B,22h57m46s,+08d05',Swift,
GRB151228AS,14h16m01s,-17d41',Swift,
GRB151227B,19h21m08s,+35d25',IPN,
GRB151225AS,15h11m36s,-18d18',IPN,
GRB151222AS,23h39m46s,+34d06',IPN,
GRB151216A,21h35m39s,+24d46',MAXI,
GRB151215A,06h14m23s,+35d31',Swift,2.59
GRB151212A,04h32m26s,-03d46',MAXI,
GRB151210A,04h20m44s,-71d14',Swift,
GRB151205C,21h58m54s,+77d42',MAXI,
GRB151205B,02h44m38s,-43d29',Swift,
GRB151205A,15h17m08s,+35d46',Swift,
GRB151127AS,01h19m07s,-82d46',Swift,
GRB151122A,19h58m49s,-19d54',Swift,
GRB151120A,10h28m58s,-32d31',INTEGRAL,
GRB151118A,03h48m38s,+65d52',Swift,
GRB151114A,08h03m45s,-61d03',Swift,
GRB151112A,00h08m11s,-61d42',Swift,4.1ph
GRB151111A,03h47m19s,-44d10',Swift,3.5ph
GRB151107B,01h59m00s,+44d30',Fermi,
GRB151107A,14h28m33s,-59d41',Swift,
GRB151031A,05h32m48s,-39d05',Swift,1.167
GRB151029A,02h34m08s,-35d22',Swift,1.423
GRB151027B,05h04m57s,-06d26',Swift,4.063
GRB151027A,18h09m58s,+61d23',Swift,0.81
GRB151023A,18h04m05s,-08d19',Swift,
GRB151022A,23h16m51s,+55d49',Swift,
GRB151021A,22h30m27s,-33d12',Swift,2.33
GRB151006A,09h49m48s,+70d31',Swift,
GRB151004A,14h14m20s,-64d57',Swift,
GRB151001B,22h27m23s,+64d40',Swift,
GRB151001A,15h34m55s,+15d35',Swift,
GRB150925A,15h10m05s,-19d38',Swift,
GRB150922A,19h37m31s,-05d29',IPN,
GRB150919A,08h51m50s,+44d04',IPN,
GRB150915A,21h18m55s,-34d51',Swift,1.968
GRB150912A,16h33m44s,-20d59',INTEGRAL,
GRB150911A,04h29m42s,+05d45',Swift,
GRB150910A,00h22m42s,+33d30',Swift,1.359
GRB150907B,17h00m53s,-63d49',Swift,
GRB150907A,14h59m22s,-47d36',MAXI,
GRB150906B,10h36m57s,-25d36',IPN,
GRB150902A,14h19m42s,-69d22',Fermi,
GRB150901A,12h14m21s,+25d02',Swift,
GRB150831B,18h04m05s,-27d15',Swift,
GRB150831AS,14h44m05s,-25d39',Swift,
GRB150824A,10h45m00s,-55d55',Fermi,
GRB150821A,22h47m37s,-57d52',Swift,0.755
GRB150819B,03h57m33s,+39d42',IPN,
GRB150819A,02h49m21s,+09d47',Swift,
GRB150818A,15h21m47s,+68d21',Swift,0.282
GRB150817A,16h38m34s,-12d04',Swift,
GRB150811B,12h25m23s,-14d07',IPN,
GRB150811A,19h25m29s,-15d27',Swift,
GRB150801B,05h31m50s,-05d23',Swift,
GRB150801A,17h03m42s,-09d26',MAXI,
GRB150728AS,19h29m09s,+33d54',Swift,
GRB150727A,13h35m58s,-18d21',Swift,0.313
GRB150725A,14h41m41s,-02d25',MAXI,
GRB150724B,23h27m41s,+03d40',Fermi,
GRB150724A,06h30m09s,-19d09',Swift,
GRB150722A,14h33m05s,-35d12',Swift,
GRB150721A,22h16m24s,+07d48',Fermi,
GRB150720A,07h58m20s,-28d18',Swift,
GRB150716A,18h33m52s,-13d01',Swift,
GRB150711A,14h46m31s,-35d28',Swift,
GRB150710B,05h32m47s,-46d58',Swift,
GRB150710AS,12h57m59s,+14d18',Swift,
GRB150702A,03h31m07s,-57d00',Fermi,
GRB150627A,07h49m58s,-51d34',Fermi,
GRB150626B,12h30m41s,+66d47',Swift,
GRB150626A,07h25m22s,-37d46',Swift,
GRB150622A,16h46m57s,-52d56',MAXI,
GRB150616A,20h58m49s,-53d24',Swift,
GRB150615A,07h10m17s,-22d28',Swift,
GRB150608A,00h54m36s,-00d08',MAXI,
GRB150607A,09h20m06s,+68d27',Swift,
GRB150530B,00h29m59s,+44d17',Swift,
GRB150530A,21h50m06s,+57d34',Swift,
GRB150527A,19h15m50s,+04d12',Swift,
GRB150523A,07h41m26s,-45d24',Fermi,
GRB150518A,15h36m50s,+16d16',MAXI,0.256
GRB150514A,04h59m24s,-60d55',Fermi,0.807
GRB150513A,03h16m14s,-22d55',Swift,
GRB150510A,01h04m38s,+04d47',Fermi,
GRB150430A,21h45m58s,-27d56',Swift,
GRB150428C,04h00m59s,+67d49',MAXI,
GRB150428B,19h30m37s,+04d07',Swift,
GRB150428A,12h34m10s,+06d34',Swift,
GRB150424AS,10h09m15s,-26d39',Swift,0.30?
GRB150423AS,14h46m24s,+12d17',Swift,1.394
GRB150418A,10h42m11s,-04d56',MAXI,
GRB150413A,12h41m32s,+71d49',Swift,3.139
GRB150407A,14h26m25s,+38d32',Swift,
GRB150403A,20h46m01s,-62d42',Swift,2.06
GRB150402A,11h34m38s,+41d00',Swift,
GRB150330A,22h04m07s,+52d18',IPN,
GRB150323C,12h50m27s,+50d12',Swift,
GRB150323B,17h21m47s,+38d19',Swift,
GRB150323A,08h32m46s,+45d26',Swift,0.593
GRB150318A,21h39m53s,-61d29',Swift,
GRB150317A,09h15m45s,+55d27',Swift,
GRB150314A,08h26m38s,+63d50',Swift,1.758
GRB150313A,16h49m25s,-10d58',MAXI,
GRB150311A,15h40m23s,-15d49',MAXI,
GRB150309A,18h27m57s,+86d26',Swift,
GRB150302A,11h42m02s,+36d50',Swift,
GRB150301C,00h45m20s,+41d51',Swift,
GRB150301B,05h56m38s,-57d59',Swift,1.5169
GRB150301AS,16h17m09s,-48d42',Swift,
GRB150222B,10h23m35s,-41d10',MAXI,
GRB150222A,13h15m06s,-12d08',Swift,
GRB150219A,18h05m04s,-41d36',INTEGRAL,
GRB150213B,16h53m42s,+34d11',Swift,
GRB150212A,19h02m05s,+47d24',Swift,
GRB150211A,16h59m25s,+55d23',Swift,
GRB150210A,07h28m36s,+13d16',Fermi,
GRB150206A,00h40m21s,-63d11',Swift,2.087
GRB150204A,10h40m58s,-64d03',Swift,
GRB150203A,06h33m39s,+06d58',Swift,
GRB150202B,05h46m24s,+59d06',Fermi,
GRB150202A,02h36m57s,-33d09',Swift,
GRB150201A,00h47m20s,-37d37',Swift,
GRB150127B,09h20m44s,-03d12',Fermi,
GRB150127A,19h47m49s,-09d25',Fermi,
GRB150126A,23h22m00s,-12d22',MAXI,
GRB150123A,07h26m14s,-09d41',MAXI,
GRB150120B,02h37m11s,+08d05',Swift,3.5ph
GRB150120AS,00h41m14s,+33d59',Swift,
GRB150118C,10h40m18s,-27d25',IPN,
GRB150118B,16h00m58s,-35d45',Fermi,
GRB150110C,04h34m18s,-16d52',MAXI,
GRB150110B,19h17m26s,+32d31',Swift,
GRB150110A,08h46m33s,-48d53',MAXI,
GRB150103A,08h46m33s,-48d53',Swift,
GRB150101BS,12h32m10s,-10d57',Swift,0.134
GRB150101AS,20h50m31s,+36d44',Swift,
GRB141229A,19h18m43s,-35d38',MAXI,
GRB141225A,09h15m00s,+33d48',Swift,0.915
GRB141222A,11h52m10s,-57d21',Fermi,
GRB141221A,13h13m05s,+08d13',Swift,1.452
GRB141220A,13h00m12s,+32d09',Swift,1.3195
GRB141215A,11h56m13s,-52d45',IPN,
GRB141212B,16h43m28s,+31d45',Swift,
GRB141212AS,02h36m39s,+18d09',Swift,0.596?
GRB141207A,10h39m58s,+03d55',Fermi,
GRB141205AS,06h11m31s,+37d52',Swift,
GRB141202A,09h32m17s,+54d10',IPN,
GRB141130A,14h51m15s,+47d18',Swift,
GRB141125AS,08h31m38s,-29d32',IPN,
GRB141121A,08h10m40s,+22d14',Swift,1.47
GRB141118A,10h27m30s,+19d05',IPN,
GRB141109B,14h49m27s,+73d07',Swift,
GRB141109A,09h38m02s,-00d36',Swift,2.993
GRB141104A,18h37m57s,-12d42',IPN,
GRB141102A,13h54m27s,-47d06',Swift,
GRB141031B,23h47m44s,+41d22',Swift,
GRB141031A,08h34m24s,-59d08',Swift,
GRB141029B,07h00m48s,+25d06',Fermi,
GRB141028A,21h30m48s,-00d17',Fermi,2.33
GRB141026A,02h56m19s,+26d58',Swift,3.35?
GRB141022A,16h07m36s,-72d08',Swift,
GRB141020A,15h00m02s,+55d20',Swift,
GRB141017A,06h14m31s,-58d33',Swift,
GRB141015A,05h50m02s,+18d19',Swift,
GRB141011A,17h11m45s,-09d41',IPN,
GRB141005A,19h24m26s,+36d04',Swift,
GRB141004A,05h06m56s,+12d49',Swift,0.573
GRB140930BS,00h25m25s,+24d16',Swift,
GRB140930A,22h59m30s,+52d26',MAXI,
GRB140928A,02h55m14s,-56d05',Fermi,
GRB140927A,19h27m23s,-65d23',Swift,
GRB140919A,14h46m13s,-32d09',Swift,
GRB140916A,02h41m37s,-39d43',Swift,
GRB140909A,12h54m33s,+63d30',Swift,
GRB140907A,03h12m35s,+46d36',Swift,1.21
GRB140906CS,20h59m51s,+01d56',IPN,
GRB140903AS,15h52m09s,+27d35',Swift,0.351
GRB140901B,07h28m44s,-29d13',Swift,
GRB140901A,01h03m16s,-32d45',IPN,
GRB140828A,09h28m03s,+14d35',Swift,
GRB140825A,05h54m51s,-11d50',IPN,
GRB140824A,13h46m35s,+33d18',Swift,
GRB140818B,18h04m35s,+01d22',Swift,
GRB140818A,13h18m03s,+06d48',MAXI,
GRB140817A,08h29m01s,+58d11',Swift,
GRB140815A,05h47m35s,-08d40',INTEGRAL,
GRB140814A,12h10m03s,+49d21',MAXI,
GRB140810A,07h56m10s,+27d33',Fermi,
GRB140809A,11h15m14s,+71d01',Fermi,
GRB140808A,14h26m05s,+48d36',Fermi,3.29
GRB140801A,03h01m00s,-30d53',Fermi,1.32
GRB140730A,03h45m43s,-66d32',Swift,
GRB140729A,12h55m48s,+15d21',Fermi,
GRB140723A,14h02m31s,-03d44',Fermi,
GRB140719B,02h38m57s,-02d23',Swift,
GRB140719A,11h26m22s,-50d08',Swift,
GRB140716A,07h12m32s,-60d09',Swift,
GRB140713A,18h44m27s,+59d37',Swift,
GRB140710B,13h38m40s,-58d33',INTEGRAL,
GRB140710A,02h44m21s,+35d30',Swift,0.558
GRB140709B,09h44m17s,+63d30',Swift,
GRB140709A,20h18m33s,+51d13',Swift,
GRB140706A,03h17m13s,-38d04',Swift,
GRB140703A,00h51m58s,+45d06',Swift,3.14
GRB140629A,16h35m56s,+41d53',Swift,2.275
GRB140628A,02h42m39s,-00d22',Swift,
GRB140626A,05h09m24s,-82d38',Swift,
GRB140623A,13h13m00s,+75d48',Fermi,1.92
GRB140622AS,21h08m37s,-14d26',Swift,0.959?
GRB140621A,04h53m07s,+14d39',IPN,
GRB140620A,18h47m29s,+49d44',Fermi,2.04
GRB140619C,15h32m04s,-25d36',IPN,
GRB140619BS,08h50m43s,-09d40',Fermi,
GRB140619A,01h48m22s,-39d16',Swift,
GRB140614B,21h30m30s,+14d55',Swift,
GRB140614A,15h24m56s,-79d06',Swift,4.233
GRB140611AS,23h19m43s,-40d05',IPN,
GRB140610A,19h05m02s,+03d54',Swift,
GRB140607A,05h45m31s,+18d55',Swift,
GRB140606B,21h51m00s,+33d41',Fermi,0.384
GRB140606AS,13h27m14s,+37d35',Swift,
GRB140604AS,17h32m41s,-40d24',IPN,
GRB140529A,15h15m16s,-41d03',Swift,
GRB140528A,18h42m55s,-58d45',IPN,
GRB140523A,08h53m12s,+24d57',Fermi,
GRB140521A,21h20m03s,+67d36',Swift,
GRB140518A,15h08m55s,+42d24',Swift,4.707
GRB140516AS,16h51m57s,+39d55',Swift,
GRB140515B,19h17m52s,-11d00',MAXI,
GRB140515A,12h24m09s,+15d05',Swift,6.32
GRB140512A,19h17m29s,-15d06',Swift,0.725
GRB140509B,20h52m29s,+21d09',MAXI,
GRB140509A,03h06m26s,-62d39',Swift,2.4ph
GRB140508A,17h02m31s,+46d45',Fermi,1.027
GRB140506A,18h27m10s,-55d34',Swift,0.889
GRB140502B,13h18m43s,-35d38',Swift,
GRB140502A,21h16m37s,+49d01',Swift,
GRB140430A,06h51m43s,+23d01',Swift,1.60
GRB140428A,12h57m22s,+28d21',Swift,4.7
GRB140423A,13h09m10s,+49d49',Swift,3.26
GRB140419A,08h28m00s,+46d13',Swift,3.956
GRB140416A,02h21m36s,+43d54',IPN,
GRB140414AS,13h01m14s,+56d54',Swift,
GRB140413A,04h21m48s,-51d12',Swift,
GRB140412A,09h40m12s,-65d49',Swift,
GRB140408A,19h22m44s,-12d35',Swift,
GRB140402AS,13h49m53s,+05d52',Fermi,
GRB140331A,08h59m23s,+02d42',Swift,
GRB140330A,21h52m16s,-57d45',IPN,
GRB140329A,09h44m59s,-32d06',IPN,
GRB140323A,23h47m33s,-79d55',Swift,
GRB140320D,05h51m34s,+85d26',IPN,
GRB140320C,08h57m32s,+71d12',INTEGRAL,
GRB140320B,09h42m16s,+60d15',INTEGRAL,
GRB140320AS,18h46m36s,-02d42',Swift,
GRB140318A,12h16m13s,+20d12',Swift,1.02
GRB140311B,16h49m10s,+52d45',Swift,
GRB140311A,13h57m12s,+00d37',Swift,4.954
GRB140308A,23h50m15s,-33d21',IPN,
GRB140306A,01h51m46s,+48d59',IPN,
GRB140305A,22h58m08s,+15d26',Swift,
GRB140304A,02h02m40s,+33d29',Swift,5.283
GRB140302A,16h55m22s,-12d52',Swift,
GRB140301A,04h38m11s,-34d17',Swift,1.416
GRB140226A,14h45m58s,+15d00',iPTF,1.98
GRB140221A,07h09m47s,-17d20',MAXI,
GRB140219A,10h25m46s,+07d28',IPN,
GRB140215A,06h56m33s,+41d47',Swift,
GRB140213A,07h00m52s,-73d08',Swift,1.2076
GRB140211A,08h16m55s,+20d15',Swift,
GRB140209A,05h25m20s,+32d29',Swift,
GRB140206A,09h41m24s,+66d45',Swift,2.73
GRB140129B,21h47m03s,+26d12',Swift,
GRB140129A,02h31m29s,-01d35',Swift,
GRB140118A,22h04m01s,-17d57',Swift,
GRB140114A,12h33m56s,+12d35',Swift,3.0
GRB140110A,01h55m36s,-36d16',Fermi,
GRB140108A,21h40m43s,+58d46',Swift,
GRB140104B,14h35m14s,-08d54',Fermi,
GRB140103A,15h28m31s,+37d45',Swift,
GRB140102A,14h07m37s,+01d20',Swift,
GRB131231A,00h42m20s,-01d51',Fermi,0.642
GRB131229A,05h40m57s,-04d26',Swift,
GRB131227A,04h29m31s,+28d53',Swift,5.3?
GRB131226A,20h05m14s,-64d58',Swift,
GRB131225A,06h20m09s,+05d19',MAXI,
GRB131224A,19h47m20s,+31d40',INTEGRAL,
GRB131218A,07h35m12s,-64d43',INTEGRAL,
GRB131216A,06h18m42s,-41d38',Fermi,
GRB131215A,17h16m07s,-07d35',MAXI,
GRB131209A,09h06m00s,-33d12',Fermi,
GRB131205A,08h46m26s,-60d10',Swift,
GRB131202A,22h56m13s,-21d39',Swift,
GRB131128A,23h41m18s,+31d17',Swift,
GRB131127A,22h11m00s,+36d35',Swift,
GRB131122A,10h10m13s,+57d44',INTEGRAL,
GRB131120A,18h35m41s,-12d00',Swift,
GRB131118A,23h19m27s,-66d50',Fermi,
GRB131117A,22h09m21s,-31d43',Swift,4.042
GRB131108A,10h25m53s,+09d54',Fermi,2.40
GRB131105A,04h44m03s,-62d59',Swift,1.686
GRB131103A,23h15m49s,-44d40',Swift,0.599
GRB131031A,01h58m28s,-01d36',Swift,
GRB131030A,23h00m19s,-05d23',Swift,1.295
GRB131029A,13h23m08s,+48d18',Fermi,
GRB131028A,04h04m54s,+71d36',Fermi,
GRB131026A,01h02m11s,+32d29',Swift,
GRB131024B,09h37m37s,+44d14',Swift,
GRB131024A,19h21m51s,-64d36',Swift,
GRB131018B,20h18m06s,+23d04',Fermi,
GRB131018A,06h33m51s,-19d53',Swift,
GRB131014A,06h41m12s,-19d06',Fermi,
GRB131011A,01h27m41s,+09d33',Fermi,1.874
GRB131004A,19h44m36s,-02d58',Swift,0.717
GRB131002B,05h00m15s,-75d44',Swift,
GRB131002A,16h53m06s,+82d03',Swift,
GRB131001A,00h33m12s,+25d33',Swift,
GRB130930A,12h42m39s,-35d30',Swift,
GRB130929A,09h00m17s,-47d34',Swift,
GRB130925A,02h44m44s,-26d08',Swift,0.347
GRB130919A,13h49m09s,-10d21',Swift,
GRB130913A,22h47m50s,+01d18',Swift,
GRB130912AS,03h10m28s,+13d58',Swift,
GRB130907A,14h23m31s,+45d37',Swift,1.238
GRB130903A,05h28m33s,-00d07',INTEGRAL,
GRB130831B,12h49m47s,-29d11',Swift,
GRB130831A,23h54m36s,+29d27',Swift,0.4791
GRB130829A,12h09m42s,+46d31',Swift,
GRB130828A,17h19m19s,+28d00',Fermi,
GRB130822AS,01h51m46s,-03d13',Swift,
GRB130821A,20h56m24s,-12d00',Fermi,
GRB130816B,11h20m22s,-57d33',Swift,
GRB130816A,13h08m40s,-58d57',Swift,
GRB130812B,00h29m37s,-79d11',IPN,
GRB130812A,06h09m37s,-13d18',Swift,
GRB130807A,17h59m12s,-27d37',Swift,
GRB130806A,02h23m29s,+67d32',Swift,
GRB130804A,20h14m37s,-79d35',IPN,
GRB130803A,14h40m58s,-02d28',Swift,
GRB130727A,22h03m12s,-65d34',Swift,
GRB130725B,14h16m58s,-11d08',Swift,
GRB130725A,15h20m08s,+00d38',Swift,
GRB130722A,17h22m41s,-02d59',Swift,
GRB130719A,05h56m09s,-11d35',Swift,
GRB130716AS,11h58m18s,+63d03',Swift,
GRB130708A,14h29m15s,+15d46',Swift,
GRB130702A,15h12m36s,+16d35',Fermi,0.145
GRB130701A,23h48m52s,+36d06',Swift,1.155
GRB130627B,12h07m44s,-55d44',Swift,
GRB130627A,12h17m47s,-37d05',Swift,
GRB130626A,18h12m31s,-09d32',Swift,
GRB130625A,22h53m04s,+82d11',Swift,
GRB130623A,01h22m53s,-77d47',Swift,
GRB130615A,18h19m23s,-68d10',Swift,
GRB130612A,17h19m13s,+16d42',Swift,2.006
GRB130610B,11h45m26s,-32d11',IPN,
GRB130610A,14h57m40s,+28d11',Swift,2.092
GRB130609B,03h35m01s,-40d09',Swift,
GRB130609A,10h10m42s,+24d06',Swift,
GRB130608A,01h38m19s,+41d30',Swift,
GRB130606B,14h34m18s,-22d08',Fermi,
GRB130606A,16h37m37s,+29d47',Swift,5.913
GRB130605A,08h58m06s,-33d29',Swift,
GRB130604A,16h40m19s,+68d13',Swift,1.06?
GRB130603BS,11h28m50s,+17d03',Swift,0.3564
GRB130603A,05h47m49s,+82d56',Swift,
GRB130529A,01h37m02s,-64d08',Swift,
GRB130528A,09h15m39s,+87d17',Swift,
GRB130527A,20h37m07s,-24d44',Swift,
GRB130521B,18h46m34s,+22d43',IPN,
GRB130521A,05h50m14s,+14d27',Swift,
GRB130518B,21h26m13s,-20d09',Swift,
GRB130518A,23h43m14s,+47d38',Fermi,2.488
GRB130515AS,18h53m41s,-54d17',Swift,
GRB130514B,09h50m26s,-18d58',INTEGRAL,
GRB130514A,19h45m06s,-07d57',Swift,3.6ph
GRB130513A,09h38m59s,-05d14',INTEGRAL,
GRB130511A,13h06m33s,+18d42',Swift,1.3033
GRB130508A,20h21m15s,+34d57',Swift,
GRB130505A,09h08m14s,+17d29',Swift,2.27
GRB130504C,06h06m52s,+03d51',Fermi,
GRB130504BS,23h11m49s,-05d44',Fermi,
GRB130504A,18h09m27s,-16d21',Swift,
GRB130502B,04h26m36s,+71d05',Fermi,
GRB130502A,09h14m19s,-00d09',Swift,
GRB130427B,20h59m34s,-22d32',Swift,2.78
GRB130427A,11h32m33s,+27d41',Swift,0.3399
GRB130420B,12h12m29s,+54d23',Swift,
GRB130420A,13h04m24s,+59d25',Swift,1.297
GRB130419A,23h41m05s,+09d59',Swift,
GRB130418A,09h56m10s,+13d39',Swift,1.218
GRB130408A,08h57m36s,-32d22',Swift,3.757
GRB130407A,16h32m23s,+10d31',MAXI,
GRB130327B,14h32m22s,-69d31',AGILE,
GRB130327A,06h07m58s,+55d44',Swift,
GRB130325A,08h11m07s,-18d54',Fermi,
GRB130315A,10h30m10s,-51d49',Swift,
GRB130313AS,15h45m42s,-00d22',Swift,
GRB130310A,09h29m21s,-17d14',Fermi,
GRB130306A,18h37m55s,-11d41',Swift,
GRB130305A,07h47m04s,+52d01',Swift,
GRB130216B,03h55m30s,+02d02',Swift,
GRB130216A,04h31m36s,+14d40',Swift,
GRB130215A,02h53m55s,+13d22',Swift,0.597
GRB130211A,09h50m05s,-42d20',Swift,
GRB130206A,09h21m30s,-58d10',Swift,
GRB130131B,11h35m48s,+15d02',Swift,2.539
GRB130131A,11h24m26s,+48d04',Swift,
GRB130122A,12h56m52s,+59d01',Swift,
GRB130102B,20h43m37s,-72d05',MAXI,
GRB130102A,20h45m51s,+49d50',Swift,
GRB121229A,12h40m24s,-50d36',Swift,2.707
GRB121226AS,11h14m38s,-30d25',Swift,
GRB121225B,20h35m39s,-34d21',Fermi,
GRB121225A,17h39m27s,-66d04',MAXI,
GRB121217A,10h14m54s,-62d18',Swift,
GRB121212A,11h51m22s,+78d02',Swift,<2
GRB121211A,13h02m11s,+30d10',Swift,1.023
GRB121209A,21h47m12s,-08d15',Swift,2.1
GRB121202A,17h07m16s,+23d57',Swift,
GRB121201A,00h53m57s,-42d57',Swift,3.385
GRB121128A,20h02m20s,+54d19',Swift,2.20
GRB121127A,11h45m45s,-52d25',IPN,
GRB121125A,15h14m05s,+55d19',Swift,
GRB121123A,20h29m27s,-11d52',Swift,
GRB121118B,11h26m49s,-03d04',IPN,
GRB121118A,19h57m31s,+65d39',IPN,
GRB121117A,02h06m32s,+07d23',Swift,
GRB121108A,05h32m45s,+54d29',Swift,
GRB121102A,18h03m37s,-16d58',Swift,
GRB121031A,11h23m05s,-03d31',Swift,
GRB121028A,18h07m42s,-02d17',Swift,
GRB121027A,04h14m26s,-58d48',Swift,1.773
GRB121025A,16h35m00s,+27d44',MAXI,
GRB121024A,04h41m52s,-12d16',Swift,2.298
GRB121017A,19h15m16s,-01d36',Swift,
GRB121014A,11h06m31s,-29d07',Swift,
GRB121011A,17h20m48s,+41d08',Swift,
GRB121001A,18h24m08s,-05d40',Swift,
GRB120927A,09h06m24s,+00d25',Swift,
GRB120923A,20h15m11s,+06d14',Swift,
GRB120922A,15h39m01s,-20d11',Swift,3.1ph
GRB120919B,20h10m32s,-37d29',IPN,
GRB120919A,14h19m04s,-45d34',Fermi,
GRB120918A,12h04m13s,-32d45',Swift,
GRB120916A,13h42m31s,+36d42',Fermi,
GRB120913B,14h14m35s,-14d32',Swift,
GRB120913A,09h45m45s,+26d59',Swift,
GRB120911B,11h28m35s,-37d42',IPN,
GRB120911A,23h51m51s,+63d06',Swift,
GRB120909A,18h22m44s,-59d26',Swift,3.93
GRB120908A,15h23m06s,-25d30',MAXI,
GRB120907A,04h58m58s,-09d18',Swift,0.970
GRB120830A,05h54m36s,-28d59',Fermi,
GRB120821A,17h01m05s,-40d31',INTEGRAL,
GRB120819A,15h43m33s,-07d08',Swift,
GRB120817BS,00h33m17s,-26d31',IPN,
GRB120817A,16h42m49s,-38d20',Swift,
GRB120816BS,22h29m48s,-01d37',IPN,
GRB120816A,18h48m30s,-06d59',Swift,
GRB120815A,18h15m40s,-52d08',Swift,2.358
GRB120811C,13h18m50s,+62d17',Swift,2.671
GRB120811BS,02h54m53s,-30d14',IPN,
GRB120811A,17h08m44s,-22d44',Swift,
GRB120807A,16h04m51s,-47d29',Swift,
GRB120805A,14h26m08s,+05d48',Swift,3.1
GRB120804AS,15h35m43s,-28d46',Swift,
GRB120803B,20h56m54s,+53d17',Swift,
GRB120803A,17h58m16s,-06d43',Swift,
GRB120802A,02h59m24s,+13d45',Swift,3.796
GRB120729A,00h52m13s,+49d56',Swift,0.80
GRB120728A,09h08m24s,-54d26',Swift,
GRB120724A,16h20m46s,+03d31',Swift,1.48
GRB120722A,15h21m58s,+13d15',Swift,0.9586
GRB120716A,20h52m21s,+09d33',IPN,2.486
GRB120714B,23h41m44s,-46d11',Swift,0.3984
GRB120714A,11h11m53s,-30d38',Swift,
GRB120712A,11h18m25s,-20d04',Swift,4.1745
GRB120711B,22h06m40s,+60d01',Swift,
GRB120711A,06h18m49s,-71d01',Swift,1.405
GRB120709A,21h13m38s,-50d02',Fermi,
GRB120703A,22h37m26s,-29d44',Swift,
GRB120701A,05h21m21s,-58d32',Swift,
GRB120630AS,23h29m11s,+42d33',Swift,
GRB120624B,11h23m46s,+08d56',Fermi,2.1974
GRB120622A,13h41m43s,-01d43',MAXI,
GRB120612A,08h26m54s,-17d35',Swift,
GRB120522A,11h03m59s,-62d06',IPN,
GRB120521C,14h17m09s,+42d07',Swift,6.0
GRB120521B,13h08m03s,-52d45',Swift,
GRB120521AS,09h54m46s,-49d25',Swift,
GRB120514A,18h51m58s,-04d15',Swift,
GRB120510A,02h57m09s,+72d51',MAXI,
GRB120426A,07h26m09s,-65d38',IPN,
GRB120424A,01h35m56s,-29d53',MAXI,
GRB120422A,09h07m43s,+14d00',Swift,0.283
GRB120419A,12h29m29s,-63d02',INTEGRAL,
GRB120404A,15h40m03s,+12d53',Swift,2.876
GRB120403B,03h39m14s,-89d02',Swift,
GRB120403AS,02h49m50s,+40d28',Swift,
GRB120401A,03h52m16s,-17d40',Swift,
GRB120328A,16h06m12s,-39d20',Swift,
GRB120327A,16h27m19s,-29d25',Swift,2.813
GRB120326A,18h15m42s,+69d17',Swift,1.798
GRB120325A,11h55m17s,+73d11',Swift,
GRB120324A,19h24m20s,+24d09',Swift,
GRB120323A,22h41m38s,+29d43',Fermi,
GRB120320A,14h10m09s,+08d41',Swift,
GRB120312A,16h47m03s,+23d51',Swift,
GRB120311B,17h14m00s,-13d04',Swift,
GRB120311A,18h12m21s,+14d17',Swift,<3
GRB120308A,14h36m19s,+79d42',Swift,<4.5
GRB120305AS,03h10m11s,+28d30',Swift,
GRB120302A,08h09m48s,+29d40',Swift,
GRB120229AS,01h20m08s,-35d48',Swift,
GRB120226A,20h11m43s,+48d40',IPN,
GRB120224A,02h43m54s,-17d48',Swift,1.1
GRB120219A,08h39m10s,+51d01',Swift,
GRB120218A,21h19m02s,-25d27',Swift,
GRB120215A,02h00m08s,+08d47',Swift,
GRB120213A,20h04m08s,+65d24',Swift,
GRB120212A,02h52m25s,-18d01',Swift,
GRB120211A,05h51m00s,-24d46',Swift,2.4
GRB120202A,13h34m04s,+22d48',INTEGRAL,
GRB120127A,09h16m34s,+15d53',MAXI,
GRB120121A,16h37m21s,-23d59',Swift,
GRB120119A,08h00m07s,-09d04',Swift,1.728
GRB120118B,08h19m28s,-07d11',Swift,2.943
GRB120118A,13h01m28s,-61d36',INTEGRAL,
GRB120116A,01h05m00s,+33d56',Swift,
GRB120114A,21h11m37s,+57d02',Swift,
GRB120107A,16h25m36s,-69d56',Fermi,
GRB120106A,04h24m31s,+64d02',Swift,
GRB120102A,18h24m48s,+24d44',Swift,
GRB111229A,05h05m08s,-84d43',Swift,1.3805
GRB111228A,10h00m19s,+18d18',Swift,0.714
GRB111225A,00h52m24s,+51d35',Swift,0.297
GRB111222AS,12h39m05s,+65d50',Fermi,
GRB111215B,14h49m37s,+16d26',IPN,
GRB111215A,23h18m12s,+32d29',Swift,2.06ph
GRB111212A,20h41m37s,-68d37',Swift,
GRB111211A,10h12m22s,+11d11',AGILE,0.478
GRB111210A,12h45m57s,-07d10',Swift,
GRB111209A,00h57m26s,-46d47',Swift,0.677
GRB111208A,19h20m52s,+40d40',Swift,
GRB111207A,06h11m42s,-39d30',Swift,
GRB111205A,08h57m57s,-31d58',IPN,
GRB111204A,22h26m34s,-31d24',Swift,
GRB111201A,12h41m56s,+33d00',Swift,
GRB111129A,20h29m46s,-52d43',Swift,1.0796
GRB111126A,18h24m24s,+51d28',Swift,
GRB111123A,10h19m24s,-20d38',Swift,3.1516
GRB111121A,10h19m00s,-46d38',Swift,
GRB111117AS,00h50m49s,+23d01',Swift,2.211
GRB111109A,07h52m47s,-41d36',Swift,
GRB111107A,08h37m56s,-66d30',Swift,2.893
GRB111103B,17h42m49s,+01d35',Swift,
GRB111103A,21h28m29s,-10d33',Swift,
GRB111029A,02h58m46s,+57d05',Swift,
GRB111026A,16h17m06s,-47d30',Swift,
GRB111024A,14h48m42s,+25d51',MAXI,
GRB111022B,07h15m48s,+49d40',Swift,
GRB111022A,18h23m29s,-23d40',Swift,
GRB111020A,19h08m06s,-37d59',Swift,
GRB111018A,18h06m00s,-03d52',Swift,
GRB111016B,19h22m00s,-04d35',IPN,
GRB111016A,10h15m13s,+27d29',Swift,
GRB111008A,04h01m49s,-32d41',Swift,4.9898
GRB111005A,14h53m08s,-19d44',Swift,0.013
GRB110928A,17h11m01s,+36d34',Swift,
GRB110921A,19h36m19s,+36d23',Swift,
GRB110918A,02h10m18s,-27d17',IPN,0.982
GRB110915B,05h10m12s,+01d56',AGILE,
GRB110915A,20h43m24s,-00d43',Swift,
GRB110906A,19h47m34s,-26d13',Swift,
GRB110903A,13h08m09s,+59d00',INTEGRAL,
GRB110827A,10h56m23s,+53d47',Swift,
GRB110825A,02h59m35s,+15d24',Fermi,
GRB110820B,10h30m20s,-54d36',IPN,
GRB110820A,22h53m20s,+70d18',Swift,
GRB110818A,21h09m32s,-63d58',Swift,3.36
GRB110815A,05h41m11s,+32d27',IPN,
GRB110812A,23h53m38s,+72d12',AGILE,
GRB110808A,03h49m03s,-44d11',Swift,1.348
GRB110802AS,02h57m49s,+32d36',IPN,
GRB110801A,05h59m22s,+80d59',Swift,1.858
GRB110731A,18h42m05s,-28d33',Swift,2.83
GRB110726A,19h07m00s,+56d03',Swift,1.036-2.7
GRB110721A,22h13m36s,-39d00',Fermi,
GRB110719A,01h38m15s,+34d34',Swift,
GRB110715A,15h50m38s,-46d14',Swift,0.82
GRB110709B,10h58m27s,-23d29',Swift,2.09?
GRB110709A,15h55m35s,+40d54',Swift,
GRB110708A,22h40m20s,+53d57',INTEGRAL,
GRB110625A,19h07m00s,+06d45',Swift,
GRB110610A,20h32m36s,+74d49',Swift,
GRB110604A,18h04m01s,+18d28',IPN,
GRB110530A,18h48m11s,+61d65',Swift,
GRB110521A,08h00m35s,+45d48',Swift,
GRB110520A,08h57m30s,+56d24',Swift,
GRB110519A,17h26m31s,-23d24',Swift,
GRB110518A,04h28m43s,-34d12',IPN,
GRB110503A,08h51m12s,+52d13',Swift,1.613
GRB110428A,00h21m12s,+64d48',Fermi,
GRB110426A,14h44m00s,-11d10',MAXI,
GRB110422A,07h27m59s,+75d06',Swift,1.770
GRB110420BS,21h20m12s,-41d16',Swift,
GRB110420A,00h08m40s,-37d51',Swift,
GRB110414A,06h31m30s,+24d22',Swift,
GRB110412A,08h53m58s,+13d31',Swift,
GRB110411A,19h25m45s,+67d44',Swift,
GRB110407A,12h23m59s,+15d43',Swift,
GRB110406A,01h09m22s,+35d49',INTEGRAL,
GRB110402A,13h09m41s,+61d14',Swift,
GRB110328B,07h50m24s,+43d12',Fermi,
GRB110319B,21h44m18s,-56d46',Swift,
GRB110319A,23h45m36s,-66d01',Swift,
GRB110318B,14h06m47s,-51d34',Swift,
GRB110318A,22h33m06s,-15d17',Swift,
GRB110315A,18h36m46s,+17d32',Swift,
GRB110312A,10h29m55s,-05d15',Swift,
GRB110305A,17h23m31s,-15d47',Swift,
GRB110223B,10h01m06s,-68d20',Swift,
GRB110223A,23h02m24s,+87d34',Swift,
GRB110213B,02h46m27s,+01d11',MAXI,1.083
GRB110213A,02h52m01s,+49d17',Swift,1.46
GRB110212A,04h36m13s,+43d42',Swift,
GRB110210A,00h52m19s,+07d47',Swift,
GRB110208A,01h29m56s,-20d38',Swift,
GRB110207A,00h50m10s,-10d48',Swift,
GRB110206A,06h09m29s,-58d47',INTEGRAL,
GRB110205A,10h58m21s,+67d31',Swift,2.22
GRB110201A,09h08m16s,+88d36',Swift,
GRB110128A,12h55m30s,+28d05',Swift,2.339
GRB110119A,23h14m14s,+05d59',Swift,
GRB110112B,00h42m24s,+64d24',INTEGRAL,
GRB110112AS,21h59m46s,+26d29',Swift,
GRB110107A,19h59m34s,+41d53',Swift,
GRB110106B,08h56m47s,+47d00',Swift,0.618
GRB110106A,05h17m08s,+64d11',Swift,
GRB110102A,16h23m31s,+07d37',Swift,
GRB101225A,00h00m56s,+44d36',Swift,0.847
GRB101224AS,19h03m42s,+45d43',Swift,
GRB101219B,00h49m02s,-34d32',Swift,0.55
GRB101219AS,04h58m28s,-02d32',Swift,0.718
GRB101213A,16h05m09s,+21d55',Swift,0.414
GRB101204A,11h10m12s,-20d26',Swift,
GRB101201A,00h07m49s,-16d12',Fermi,
GRB101129AS,10h23m41s,-17d39',Fermi,
GRB101117B,11h31m38s,-72d40',Swift,
GRB101114A,20h12m46s,+14d02',Swift,
GRB101112A,19h28m54s,+39d21',INTEGRAL,
GRB101030A,11h05m34s,-16d23',Swift,
GRB101024A,04h25m54s,-77d15',Swift,
GRB101023A,21h11m49s,-65d24',Swift,
GRB101020A,12h38m16s,+23d10',Swift,
GRB101017A,19h25m31s,-35d08',Swift,
GRB101011A,03h13m12s,-65d59',Swift,
GRB101008A,21h55m34s,+37d04',Swift,
GRB100928A,14h52m09s,-28d34',Swift,
GRB100924A,00h02m41s,+07d01',Swift,
GRB100917A,19h17m04s,-17d06',Swift,
GRB100915B,05h41m31s,+25d05',INTEGRAL,
GRB100915A,21h02m36s,+65d40',Swift,
GRB100909A,04h55m48s,+54d39',INTEGRAL,
GRB100906A,01h54m50s,+55d37',Swift,1.727
GRB100905A,02h06m07s,+14d56',Swift,7.9
GRB100904A,11h31m41s,-16d13',Swift,
GRB100902A,03h14m35s,+30d58',Swift,
GRB100901A,01h48m59s,+22d45',Swift,1.408
GRB100823A,01h22m49s,+05d51',Swift,
GRB100816AS,23h26m58s,+26d34',Swift,0.8049
GRB100814A,01h29m55s,-17d59',Swift,1.44
GRB100807A,03h41m18s,+67d41',Swift,
GRB100805A,19h59m30s,+52d37',Swift,
GRB100802A,00h09m50s,+47d45',Swift,<4
GRB100728B,02h56m13s,+00d17',Swift,2.106
GRB100728A,05h08m16s,-14d20',Swift,1.567
GRB100727A,10h16m40s,-21d22',Swift,
GRB100725B,19h20m06s,+76d57',Swift,
GRB100725A,11h06m04s,-26d41',Swift,
GRB100724B,08h00m10s,+76d44',Fermi,
GRB100724A,12h58m16s,-11d07',Swift,1.288
GRB100719A,07h29m03s,-05d50',Swift,
GRB100713A,17h00m50s,+28d23',INTEGRAL,
GRB100707A,23h52m05s,-08d39',IPN,
GRB100704A,08h54m33s,-24d13',Swift,
GRB100703AS,00h38m05s,-25d43',INTEGRAL,
GRB100702AS,16h22m49s,-56d32',Swift,
GRB100628AS,15h03m52s,-31d40',Swift,
GRB100625AS,01h03m05s,-39d05',Swift,0.452
GRB100621A,21h01m14s,-51d05',Swift,0.542
GRB100619A,05h38m28s,-27d00',Swift,
GRB100615A,11h48m50s,-19d30',Swift,1.398
GRB100614A,17h34m05s,+49d14',Swift,
GRB100606A,23h22m25s,-66d14',Swift,
GRB100528A,20h44m29s,+27d49',AGILE,
GRB100526B,00h02m48s,-37d54',Swift,
GRB100526A,15h23m08s,+25d38',Swift,
GRB100522A,20h27m56s,+09d25',Swift,
GRB100518A,20h19m13s,-24d32',INTEGRAL,4.0ph
GRB100514A,21h55m17s,+29d10',Swift,
GRB100513A,11h18m19s,+03d36',Swift,4.772
GRB100510A,23h43m46s,-35d35',MAXI,
GRB100508A,05h05m00s,-20d43',Swift,0.5201
GRB100504A,17h02m17s,-35d36',Swift,
GRB100427A,05h56m41s,-03d28',Swift,
GRB100425A,19h56m45s,-26d26',Swift,1.755
GRB100424A,13h57m49s,+01d31',Swift,2.465
GRB100423A,09h05m54s,+21d29',Swift,
GRB100420A,19h44m31s,+55d48',Swift,
GRB100418A,17h05m30s,+11d28',Swift,0.6235
GRB100415A,00h29m48s,-16d24',MAXI,
GRB100414A,12h14m28s,+20d27',Fermi,1.368
GRB100413B,23h47m16s,+51d19',Swift,
GRB100413A,17h44m52s,+15d50',Swift,
GRB100401A,19h23m15s,-08d15',Swift,
GRB100331B,20h11m57s,-11d04',AGILE,
GRB100331A,17h24m14s,-58d57',INTEGRAL,
GRB100325A,22h00m58s,-26d28',Fermi,
GRB100324A,06h34m27s,-09d44',Swift,
GRB100322BS,05h05m57s,+42d41',Swift,
GRB100316D,07h10m28s,-56d09',Swift,0.059
GRB100316C,02h09m10s,-68d01',Swift,
GRB100316B,10h54m00s,-45d29',Swift,1.180
GRB100316A,16h48m08s,+71d50',Swift,3.155
GRB100305A,11h13m28s,+42d23',Swift,
GRB100302A,13h01m23s,+74d35',Swift,4.813
GRB100225A,20h41m12s,-59d24',Fermi,
GRB100224A,05h33m52s,-08d00',Swift,
GRB100219A,10h16m53s,-12d34',Swift,4.6667
GRB100216AS,10h17m03s,+35d31',Fermi,
GRB100213B,08h17m21s,+43d27',Swift,
GRB100213AS,23h17m43s,+43d23',Swift,
GRB100212A,23h45m51s,+49d30',Swift,
GRB100206AS,03h08m42s,+13d10',Swift,0.4068
GRB100205A,09h25m37s,+31d44',Swift,
GRB100203A,06h24m54s,+04d48',Swift,
GRB100119A,19h57m18s,-53d10',Swift,
GRB100117AS,00h45m02s,-01d36',Swift,0.92
GRB100116A,20h20m05s,+14d27',Fermi,
GRB100115A,00h13m20s,-00d49',Swift,
GRB100111A,16h28m09s,+15d33',Swift,
GRB100103A,07h29m27s,-34d27',INTEGRAL,
GRB091230,08h51m51s,-53d53',INTEGRAL,
GRB091221,03h43m01s,+23d13',Swift,
GRB091208B,01h57m39s,+16d53',Swift,1.063
GRB091208,00h01m06s,+65d40',Swift,
GRB091202,09h15m11s,+62d33',INTEGRAL,
GRB091130B,13h32m24s,+34d05',Swift,
GRB091127,02h26m17s,-18d57',Swift,0.49
GRB091120,15h07m14s,-21d47',Fermi,
GRB091117S,02h03m47s,-16d57',Swift,
GRB091112,17h11m00s,-36d44',Swift,
GRB091111,09h11m15s,-45d55',INTEGRAL,
GRB091109BS,07h31m00s,-54d06',Swift,
GRB091109,20h37m00s,-44d11',Swift,3.076
GRB091104,13h54m53s,+47d23',Swift,
GRB091102,04h50m29s,-72d32',Swift,
GRB091031,04h42m48s,-61d35',Fermi,
GRB091029,04h00m44s,-56d00',Swift,2.752
GRB091026,18h26m20s,-86d07',Swift,
GRB091024,22h36m50s,+56d52',Swift,1.092
GRB091020,11h42m52s,+50d58',Swift,1.71
GRB091018,02h08m51s,-57d32',Swift,0.971
GRB091015,20h24m31s,-06d10',INTEGRAL,
GRB091010,19h54m40s,-22d32',AGILE,
GRB091003,16h46m05s,+36d38',Fermi,0.8969
GRB090929B,07h50m49s,-00d38',Swift,
GRB090929,03h45m58s,-05d58',Fermi,
GRB090927,22h55m49s,-70d59',Swift,1.37
GRB090926B,03h05m16s,-39d01',Swift,1.24
GRB090926,23h33m36s,-66d19',Fermi,2.1062
GRB090916,08h26m19s,+25d56',Swift,
GRB090915,15h51m58s,+15d29',Swift,
GRB090912,12h32m22s,+61d31',Swift,
GRB090904B,17h36m46s,-25d13',Swift,
GRB090904,06h43m32s,+50d12',Swift,
GRB090902B,17h40m00s,+27d20',Fermi,1.822
GRB090831C,07h13m07s,-25d06',Swift,
GRB090831,09h41m36s,+51d24',Fermi,
GRB090827,01h13m44s,-50d54',Swift,
GRB090823,08h34m51s,+60d40',IPN,
GRB090817,04h15m58s,+44d08',INTEGRAL,
GRB090815C,04h17m58s,-65d57',Swift,
GRB090814B,04h18m59s,+60d36',INTEGRAL,
GRB090814,15h58m27s,+25d36',Swift,0.696
GRB090813,15h08m04s,+88d34',Swift,
GRB090812,23h32m47s,-10d36',Swift,2.452
GRB090809,21h54m35s,-00d05',Swift,2.737
GRB090807,18h14m59s,+10d17',Swift,
GRB090728,01h58m38s,+41d39',Swift,
GRB090727,21h03m53s,+64d55',Swift,
GRB090726,16h35m16s,+72d52',Swift,2.71
GRB090720,13h34m47s,-10d20',Fermi,
GRB090715B,16h45m23s,+44d50',Swift,3.00
GRB090715S,10h08m29s,+10d00',Swift,
GRB090712,04h40m25s,+22d33',Swift,
GRB090709B,06h14m22s,+64d05',Swift,
GRB090709,19h19m44s,+60d44',Swift,
GRB090708,10h18m31s,+26d38',Swift,
GRB090704,13h52m49s,+22d47',INTEGRAL,
GRB090702,11h43m33s,+11d30',INTEGRAL,
GRB090628,15h48m12s,-15d45',Swift,
GRB090626,11h20m02s,-33d30',Fermi,
GRB090625B,00h09m03s,-65d47',INTEGRAL,
GRB090621BS,20h53m44s,+69d01',Swift,
GRB090621,00h43m57s,+61d58',Swift,
GRB090618,19h36m05s,+78d21',Swift,0.54
GRB090607,12h44m50s,+44d08',Swift,
GRB090531B,16h48m15s,-36d01',Swift,
GRB090531,11h54m45s,+07d48',Swift,
GRB090530,11h57m35s,+26d35',Swift,1.266
GRB090529,14h09m54s,+24d26',Swift,2.625
GRB090520,00h46m27s,-08d00',Swift,
GRB090519,09h29m10s,+00d11',Swift,3.85
GRB090518,07h59m44s,+00d46',Swift,
GRB090516,09h13m05s,-11d51',Swift,4.109
GRB090515S,10h56m41s,+14d27',Swift,
GRB090510S,22h14m13s,-26d36',Swift,0.903
GRB090509,16h05m37s,-28d24',Swift,
GRB090429B,14h02m49s,+32d10',Swift,9.2ph
GRB090429,06h02m14s,-52d23',Swift,
GRB090427,15h43m43s,-13d30',IPN,
GRB090426S,12h36m22s,+32d58',Swift,2.609
GRB090424,12h38m09s,+16d50',Swift,0.544
GRB090423,09h55m35s,+18d07',Swift,8.26
GRB090422,19h39m01s,+40d23',Swift,
GRB090419,13h07m54s,-75d36',Swift,
GRB090418B,15h03m38s,+17d13',Swift,
GRB090418,17h57m20s,+33d25',Swift,1.608
GRB090417B,13h58m49s,+47d00',Swift,0.345
GRB090417S,02h19m59s,-07d11',Swift,
GRB090410,22h19m55s,+15d28',Swift,
GRB090407,04h35m50s,-12d40',Swift,1.4485
GRB090404,15h56m52s,+35d30',Swift,3.0ph
GRB090401B,06h20m24s,-08d58',Swift,
GRB090401,23h23m38s,+29d46',Swift,
GRB090328,06h03m29s,-41d57',Fermi,0.736
GRB090324,17h08m43s,-48d09',AGILE,
GRB090323,12h42m46s,+17d05',Fermi,3.57
GRB090313,13h13m35s,+08d06',Swift,3.375
GRB090309,18h59m55s,-25d16',Swift,
GRB090308,12h14m06s,-48d53',Swift,
GRB090307,16h19m55s,-28d39',Swift,
GRB090306B,15h24m49s,-06d57',Swift,
GRB090305S,16h07m02s,-31d34',Swift,
GRB090301,22h32m34s,+26d39',Swift,
GRB090217,13h39m36s,-08d24',Fermi,
GRB090205,14h43m42s,-27d52',Swift,4.6497
GRB090201,06h08m07s,-46d35',Swift,2.100
GRB090129,17h56m22s,-32d50',Swift,
GRB090126,00h15m23s,+81d22',AGILE,
GRB090123,00h27m06s,-23d31',Swift,
GRB090118,03h19m28s,+18d29',Swift,
GRB090117,10h56m01s,-58d15',AGILE,
GRB090113,02h08m18s,+33d27',Swift,1.7493
GRB090111,16h46m35s,+00d05',Swift,
GRB090107B,18h59m15s,+59d36',INTEGRAL,
GRB090107,20h09m42s,+04d44',Swift,
GRB090102,08h33m02s,+33d05',Swift,1.547
GRB081230,02h29m16s,-25d08',Swift,2.0ph
GRB081228,02h37m52s,+30d51',Swift,3.44ph
GRB081226BS,01h41m51s,-47d25',INTEGRAL,
GRB081226S,08h02m06s,-69d00',Swift,
GRB081222,01h31m00s,-34d08',Swift,2.77
GRB081221,01h03m13s,-24d32',Swift,2.26
GRB081211B,11h12m55s,+53d51',Swift,
GRB081211,21h52m21s,-33d49',Swift,
GRB081210,04h41m50s,-11d16',Swift,2.0631
GRB081204,23h18m52s,-60d10',INTEGRAL,
GRB081203B,15h15m10s,+44d26',Swift,
GRB081203,15h32m08s,+63d30',Swift,2.05
GRB081128,01h23m12s,+38d07',Swift,<4
GRB081127,22h08m22s,+06d52',Swift,
GRB081126,21h34m10s,+48d43',Swift,
GRB081121,05h57m03s,-60d38',Swift,2.512
GRB081118,05h30m22s,-43d18',Swift,2.58
GRB081109,22h03m09s,-54d43',Swift,0.9787
GRB081105,00h15m52s,+03d27',Swift,
GRB081104,06h41m56s,-54d44',Swift,
GRB081102,22h04m44s,+53d00',Swift,
GRB081101S,06h23m18s,-00d05',Swift,
GRB081029,23h06m49s,-68d10',Swift,3.8479
GRB081028,08h07m34s,+02d19',Swift,3.038
GRB081025,16h21m12s,+60d28',Swift,
GRB081024B,21h31m36s,+21d12',Fermi,
GRB081024,01h51m36s,+61d21',Swift,
GRB081022,15h06m28s,+12d25',Swift,
GRB081017,15h20m43s,-32d49',Swift,
GRB081016B,00h58m28s,-43d33',Swift,
GRB081016,17h02m16s,-23d20',INTEGRAL,
GRB081012,02h00m52s,-17d38',Swift,
GRB081011,14h41m27s,+33d36',Swift,
GRB081008,18h39m57s,-57d28',Swift,1.9685
GRB081007,22h39m54s,-40d08',Swift,0.5295
GRB081003B,19h00m28s,+16d41',INTEGRAL,
GRB081003,17h29m30s,+16d34',INTEGRAL,
GRB081001,18h26m18s,-08d45',AGILE,
GRB080928,06h20m20s,-55d10',Swift,1.692
GRB080922,18h03m23s,-22d29',INTEGRAL,
GRB080919S,17h41m09s,-42d24',Swift,
GRB080916C,07h59m31s,-56d35',Fermi,4.35ph
GRB080916B,10h54m30s,+69d03',Swift,
GRB080916,22h25m12s,-57d01',Swift,0.689
GRB080915B,14h12m19s,-11d28',Swift,
GRB080915,01h12m01s,-76d01',Swift,
GRB080913,04h22m54s,-25d07',Swift,6.695
GRB080906,15h11m34s,-80d29',Swift,2.1ph
GRB080905B,20h06m53s,-62d34',Swift,2.374
GRB080905S,19h10m39s,-18d53',Swift,0.1218
GRB080903,05h47m11s,+51d20',Swift,
GRB080828,13h18m31s,-65d56',AGILE,
GRB080825B,13h57m08s,-68d57',AGILE,4.3ph
GRB080822B,04h13m59s,+25d45',Swift,
GRB080810,23h47m07s,+00d19',Swift,3.35
GRB080805,20h56m55s,-62d26',Swift,1.505
GRB080804,21h54m48s,-53d12',Swift,2.2045
GRB080802,18h02m54s,-32d20',Swift,
GRB080727C,02h10m35s,+64d09',Swift,
GRB080727B,18h27m29s,+01d10',Swift,
GRB080727,13h53m33s,-18d33',Swift,
GRB080726,01h21m35s,+13d55',AGILE,
GRB080725,08h06m52s,-13d59',Swift,
GRB080723B,11h47m10s,-60d14',INTEGRAL,
GRB080723,18h18m03s,-06d55',Swift,
GRB080721,14h57m53s,-11d43',Swift,2.591
GRB080714,12h32m26s,-60d17',Swift,
GRB080710,00h33m02s,+19d30',Swift,0.845
GRB080707,02h10m32s,+33d09',Swift,1.23
GRB080703,06h47m28s,-63d13',Swift,<5.5
GRB080702B,23h42m24s,-05d29',Swift,
GRB080702S,20h51m25s,+72d18',Swift,
GRB080701,03h03m21s,+75d29',Swift,
GRB080625,19h53m46s,+56d16',AGILE,
GRB080623,15h50m38s,-62d02',Swift,
GRB080613B,11h35m11s,-07d06',Swift,
GRB080613,14h13m01s,+05d09',INTEGRAL,
GRB080607,12h59m52s,+15d54',Swift,3.036
GRB080605,17h28m31s,+04d00',Swift,1.6398
GRB080604,15h47m53s,+20d33',Swift,1.416
GRB080603B,11h46m07s,+68d05',Swift,2.69
GRB080603,18h37m31s,+62d44',INTEGRAL,1.688
GRB080602,01h16m41s,-09d15',Swift,1.8204
GRB080523,01h22m56s,-64d03',Swift,<3.0
GRB080520,18h40m46s,-55d00',Swift,1.545
GRB080517,06h49m01s,+50d44',Swift,0.089
GRB080516,08h02m31s,-26d11',Swift,
GRB080515X,00h12m36s,+32d36',Swift,2.47
GRB080514B,21h31m17s,+00d44',AGILE/IPN,1.8ph
GRB080507,15h34m53s,+56d25',AGILE,
GRB080506,21h57m44s,+39d00',Swift,
GRB080503S,19h06m28s,+68d47',Swift,
GRB080430,11h01m17s,+51d41',Swift,0.767
GRB080426,01h46m18s,+69d29',Swift,
GRB080414,18h08m30s,-18d52',INTEGRAL,
GRB080413B,21h44m32s,-19d58',Swift,1.10
GRB080413,19h09m10s,-27d41',Swift,2.433
GRB080411,02h32m04s,-71d20',Swift,1.03
GRB080409,05h37m20s,+05d05',Swift,
GRB080408,07h38m43s,+33d18',AGILE,
GRB080405,10h50m23s,-04d15',Swift,
GRB080330,11h17m12s,+30d34',Swift,1.51
GRB080328,05h21m55s,+47d31',Swift,
GRB080325,18h31m35s,+36d31',Swift,1.78
GRB080320,11h51m07s,+57d09',Swift,<6.4
GRB080319D,06h37m55s,+23d56',Swift,
GRB080319C,17h15m54s,+55d25',Swift,1.95
GRB080319B,14h31m42s,+36d18',Swift,0.937
GRB080319,13h45m25s,+44d05',Swift,2.0265
GRB080315,10h20m44s,+41d44',Swift,
GRB080310,14h40m19s,-00d10',Swift,2.42
GRB080307,09h06m32s,+35d10',Swift,<6.1
GRB080303,07h28m18s,-70d14',Swift,
GRB080229B,13h16m53s,-64d53',AGILE,
GRB080229,15h12m52s,-14d43',Swift,
GRB080218BX,11h51m48s,-53d06',Swift,
GRB080218,23h43m41s,+12d10',Swift,
GRB080212,15h24m26s,-22d45',Swift,<3.5
GRB080211,02h55m52s,+60d02',IPN,
GRB080210,16h45m05s,+13d50',Swift,2.641
GRB080207,13h50m03s,+07d31',Swift,2.0858
GRB080205,06h32m53s,+62d46',Swift,2.72ph
GRB080130,17h26m42s,-53d11',Swift,
GRB080129,07h01m07s,-07d50',Swift,4.349
GRB080123S,22h35m43s,-64d53',Swift,0.495?
GRB080122,12h45m24s,+27d01',IPN,
GRB080121,09h08m56s,+41d50',Swift,
GRB080120,15h01m09s,-10d54',INTEGRAL,
GRB071227S,03h52m29s,-55d57',Swift,0.383
GRB071129,14h40m22s,-26d42',Swift,
GRB071122,18h26m20s,+47d04',Swift,1.14
GRB071118,19h59m16s,+70d06',Swift,
GRB071117,22h20m38s,-63d26',Swift,1.331
GRB071112C,02h36m53s,+28d23',Swift,0.823
GRB071112B,17h21m13s,-80d53',Swift,
GRB071109,19h19m39s,+02d03',INTEGRAL,
GRB071104,19h42m24s,+14d39',AGILE,
GRB071101,03h12m46s,+62d28',Swift,
GRB071031,00h25m50s,-58d03',Swift,2.692
GRB071028B,23h36m39s,-31d38',Swift,
GRB071028,07h59m23s,+21d30',Swift,
GRB071025,23h40m20s,+31d45',Swift,5.2
GRB071021,22h42m33s,+23d40',Swift,2.4520
GRB071020,07h58m39s,+32d52',Swift,2.145
GRB071018,10h58m42s,+53d50',Swift,
GRB071013,18h38m06s,+33d51',Swift,
GRB071011,00h33m36s,+61d04',Swift,
GRB071010C,22h32m13s,+66d10',Swift,
GRB071010B,10h02m07s,+45d44',Swift,0.947
GRB071010,19h12m24s,-32d23',Swift,0.98
GRB071008,10h06m11s,+44d20',Swift,
GRB071006,22h21m07s,-23d09',Swift,
GRB071003,20h07m25s,+10d58',Swift,1.60435
GRB071001,09h59m04s,-59d45',Swift,
GRB070925,16h52m45s,-22d01',INTEGRAL,
GRB070923,12h18m30s,-38d16',Swift,
GRB070920B,00h00m35s,-34d49',Swift,
GRB070920,06h43m44s,+72d14',Swift,
GRB070917,19h35m42s,+02d25',Swift,
GRB070913,15h15m20s,-24d20',Swift,
GRB070911,01h43m12s,-33d28',Swift,
GRB070810B,00h35m46s,+08d50',Swift,
GRB070810,12h39m53s,+10d44',Swift,2.17
GRB070809S,13h35m08s,-22d08',Swift,0.2187?
GRB070808,00h27m04s,+01d10',Swift,<2.2
GRB070805,16h20m10s,-59d57',Swift,
GRB070802,02h27m24s,-55d32',Swift,2.45
GRB070731,21h54m17s,-15d45',Swift,
GRB070729,03h45m17s,-35d19',Swift,
GRB070724B,01h10m31s,+57d40',AGILE,
GRB070724S,01h51m16s,-18d37',Swift,0.457
GRB070721B,02h12m31s,-02d11',Swift,3.626
GRB070721X,00h12m42s,-28d33',Swift,
GRB070714BS,03h51m25s,+28d18',Swift,0.92
GRB070714X,02h51m44s,+30d14',Swift,1.58
GRB070707S,17h51m23s,-68d54',INTEGRAL,
GRB070704,23h38m54s,+66d15',Swift,
GRB070628,07h41m08s,-20d17',Swift,
GRB070621,21h35m13s,-24d48',Swift,<5.5
GRB070616,02h08m37s,+56d57',Swift,
GRB070615,02h57m12s,-04d24',INTEGRAL,
GRB070612B,17h26m51s,-08d43',Swift,
GRB070612,08h05m32s,+37d16',Swift,0.617
GRB070611,00h07m57s,-29d45',Swift,2.04
GRB070531,00h26m43s,+74d18',Swift,
GRB070529,18h55m00s,+20d38',Swift,2.4996
GRB070521,16h10m41s,+30d14',Swift,2.0865
GRB070520B,08h07m48s,+57d37',Swift,
GRB070520,12h53m16s,+75d00',Swift,
GRB070518,16h56m54s,+55d18',Swift,1.161?
GRB070517,18h30m19s,-62d20',Swift,
GRB070509,15h51m42s,-78d41',Swift,
GRB070508,20h51m08s,-78d22',Swift,<3.0
GRB070506,23h08m52s,+10d44',Swift,2.31
GRB070429BS,21h52m06s,-38d51',Swift,0.904?
GRB070429,19h50m45s,-32d23',Swift,
GRB070427,01h55m27s,-27d38',Swift,
GRB070420,08h05m01s,-45d34',Swift,
GRB070419B,21h02m52s,-31d16',Swift,1.9591
GRB070419,12h10m51s,+39d54',Swift,0.97
GRB070412,12h06m01s,+40d06',Swift,
GRB070411,07h09m21s,+01d05',Swift,2.954
GRB070406S,13h15m49s,+16d32',Swift,
GRB070402,20h44m44s,+27d24',IPN,
GRB070330,17h58m05s,-63d47',Swift,<5.5
GRB070328,04h20m28s,-34d04',Swift,2.0627
GRB070318,03h14m10s,-42d58',Swift,0.836
GRB070311,05h50m17s,+03d22',INTEGRAL,
GRB070309,17h34m45s,-37d58',INTEGRAL,
GRB070306,09h52m20s,+10d28',Swift,1.4959
GRB070227,08h02m16s,-46d18',Swift,
GRB070224,11h55m58s,-13d20',Swift,1.9922
GRB070223,10h13m49s,+43d07',Swift,1.6295
GRB070220,02h19m17s,+68d49',Swift,
GRB070219,17h20m48s,+69d22',Swift,
GRB070209S,03h04m57s,-47d22',Swift,
GRB070208,13h11m41s,+61d58',Swift,1.165
GRB070129,02h28m03s,+11d43',Swift,2.3384
GRB070126,02h13m50s,-73d31',Swift,
GRB070125,07h51m24s,+31d08',IPN,1.547
GRB070124S,14h45m32s,+54d34',IPN,
GRB070110,00h03m38s,-52d58',Swift,2.352
GRB070107,10h37m38s,-53d12',Swift,
GRB070103,23h30m14s,+26d53',Swift,2.6208
GRB061222B,07h01m26s,-25d51',Swift,3.355
GRB061222,23h52m58s,+46d32',Swift,2.088
GRB061218,09h56m53s,-35d09',Swift,
GRB061217S,10h41m46s,-21d07',Swift,0.827
GRB061210S,09h38m03s,+15d38',Swift,0.4095
GRB061202,07h02m34s,-74d40',Swift,2.2543
GRB061201S,22h07m53s,-74d36',Swift,0.111
GRB061126,05h46m30s,+64d11',Swift,1.1588
GRB061122,20h15m21s,+15d31',INTEGRAL,
GRB061121,09h49m00s,-13d11',Swift,1.314
GRB061110B,21h35m36s,+06d53',Swift,3.44
GRB061110,22h25m13s,-02d16',Swift,0.758
GRB061102,09h53m37s,-17d04',Swift,
GRB061028,06h28m51s,+46d16',Swift,
GRB061027,18h03m15s,-82d14',Swift,
GRB061025,20h03m39s,-48d15',INTEGRAL,
GRB061021,09h40m32s,-21d56',Swift,0.3463
GRB061019,06h06m28s,+29d34',Swift,
GRB061007,03h05m16s,-50d29',Swift,1.261
GRB061006S,07h24m22s,-79d12',Swift,0.4377
GRB061004,06h31m00s,-45d54',Swift,
GRB061002,14h41m23s,+48d44',Swift,
GRB060930,20h17m58s,-23d38',INTEGRAL,
GRB060929,17h32m40s,+29d49',Swift,
GRB060928,08h30m33s,-42d13',IPN,
GRB060927,21h58m13s,+05d21',Swift,5.47
GRB060926,17h35m49s,+13d02',Swift,3.20
GRB060923C,23h04m30s,+03d57',Swift,<11
GRB060923B,15h52m48s,-30d54',Swift,1.5094
GRB060923,16h58m30s,+12d23',Swift,<2.8
GRB060919,18h27m39s,-51d02',Swift,
GRB060912B,18h04m57s,-19d53',INTEGRAL,
GRB060912,00h21m09s,+20d58',Swift,0.937
GRB060908,02h07m20s,+00d22',Swift,1.8836
GRB060906,02h43m00s,+30d21',Swift,3.686
GRB060904B,03h52m51s,-00d43',Swift,0.703
GRB060904,15h50m58s,+44d58',Swift,
GRB060901,19h08m38s,-06d38',INTEGRAL,
GRB060825,01h12m24s,+55d48',Swift,
GRB060814,14h45m23s,+20d35',Swift,1.9229
GRB060813,07h27m28s,-29d51',Swift,
GRB060807,16h50m07s,+31d35',Swift,<3.4
GRB060805B,18h10m02s,+58d09',IPN,
GRB060805,14h43m41s,+12d36',Swift,2.3633
GRB060804,07h28m48s,-27d14',Swift,
GRB060801S,14h12m06s,+16d59',Swift,1.131
GRB060729,06h21m21s,-62d21',Swift,0.54
GRB060728,01h06m46s,-41d23',Swift,
GRB060719,01h13m49s,-48d22',Swift,1.5320
GRB060717S,11h23m27s,+28d57',Swift,
GRB060714,15h11m29s,-06d33',Swift,2.711
GRB060712,12h16m15s,+35d34',Swift,
GRB060708,00h31m12s,-33d44',Swift,1.92
GRB060707,23h48m19s,-17d55',Swift,3.425
GRB060614,21h23m27s,-53d02',Swift,0.125
GRB060607B,02h48m08s,+14d44',Swift,
GRB060607,21h58m51s,-22d30',Swift,3.0749
GRB060605,21h28m35s,-06d04',Swift,3.78
GRB060604,22h28m58s,-10d54',Swift,2.1357
GRB060602,09h58m18s,+00d19',Swift,0.787?
GRB060526,15h31m23s,+00d15',Swift,3.221
GRB060522,21h31m48s,+02d53',Swift,5.11
GRB060516,04h44m43s,-18d07',Swift,
GRB060515,08h29m09s,+73d33',Swift,
GRB060512,13h03m05s,+41d13',Swift,2.1
GRB060510B,15h56m34s,+78d34',Swift,4.94
GRB060510,06h23m29s,-01d10',Swift,
GRB060507,05h59m53s,+75d14',Swift,
GRB060505,22h07m04s,-27d49',Swift,0.089
GRB060502BS,18h35m45s,+52d38',Swift,0.287?
GRB060502,16h03m26s,+66d36',Swift,1.51
GRB060501,21h53m28s,+43d59',Swift,
GRB060429,07h41m57s,-24d58',IPN,
GRB060428BX,15h41m24s,+62d01',Swift,
GRB060428,08h14m16s,-37d10',Swift,
GRB060427,08h17m13s,+62d37',Swift,
GRB060424,00h29m25s,+36d49',Swift,
GRB060421,22h54m31s,+62d44',Swift,
GRB060418,15h45m41s,-03d39',Swift,1.489
GRB060413,19h25m12s,+13d48',Swift,
GRB060403,18h49m13s,+08d20',Swift,
GRB060323,11h37m38s,+49d58',Swift,
GRB060322,18h16m59s,-36d42',Swift,
GRB060319,11h45m29s,+59d59',Swift,1.172
GRB060313S,04h26m26s,-10d52',Swift,
GRB060312,03h03m04s,+12d49',Swift,
GRB060306,02h44m24s,-02d09',Swift,1.559
GRB060223B,16h56m58s,-30d48',Swift,
GRB060223,03h40m52s,-17d08',Swift,4.41
GRB060219,16h07m14s,+32d20',Swift,
GRB060218X,03h21m37s,+16d52',Swift,0.0331
GRB060213,09h26m24s,-09d09',IPN,
GRB060211B,05h00m17s,+14d57',Swift,
GRB060211,03h53m36s,+21d29',Swift,
GRB060210,03h50m55s,+27d02',Swift,3.91
GRB060206,13h31m47s,+35d04',Swift,4.048
GRB060204C,06h10m54s,+70d10',Swift,
GRB060204B,14h07m11s,+27d41',Swift,2.3393
GRB060204,15h29m08s,-39d28',INTEGRAL,
GRB060203,06h54m03s,+71d49',Swift,
GRB060202,02h23m22s,+38d22',Swift,0.783
GRB060130,15h16m54s,-36d55',INTEGRAL,
GRB060124,05h08m10s,+69d43',Swift,2.296
GRB060123,11h59m00s,+45d31',Swift,0.56
GRB060121S,09h09m57s,+45d40',HETE,
GRB060117,21h51m42s,-59d59',Swift,
GRB060116,05h38m48s,-05d27',Swift,
GRB060115,03h36m11s,+17d21',Swift,3.53
GRB060114,13h01m08s,-04d44',INTEGRAL,
GRB060111B,19h05m21s,+70d22',Swift,
GRB060111,18h24m51s,+37d36',Swift,2.32
GRB060110,04h50m58s,+28d23',Swift,
GRB060109,18h50m50s,+31d59',Swift,
GRB060108,09h47m58s,+31d55',Swift,2.0ph
GRB060105,19h49m54s,+46d22',Swift,
GRB060102,21h55m25s,-01d51',Swift,
GRB051227S,08h21m05s,+31d56',Swift,0.8?
GRB051221B,20h49m35s,+53d03',Swift,
GRB051221S,21h54m51s,+16d54',Swift,0.5465
GRB051213,16h48m29s,-59d12',Swift,
GRB051211B,23h02m32s,+55d05',INTEGRAL,
GRB051211,06h56m13s,+32d41',HETE,
GRB051210S,22h00m47s,-57d38',Swift,
GRB051117B,05h40m54s,-19d15',Swift,0.481
GRB051117,15h13m37s,+30d52',Swift,
GRB051114,15h05m06s,+60d09',Swift,
GRB051113,12h28m53s,-26d23',Swift,
GRB051111,23h12m38s,+18d20',Swift,1.55
GRB051109BX,23h01m46s,+38d40',Swift,0.08?
GRB051109,22h01m11s,+40d50',Swift,2.346
GRB051105B,00h37m52s,-40d29',INTEGRAL,
GRB051105S,17h41m09s,+34d55',Swift,
GRB051103S,09h52m34s,+68d51',IPN,
GRB051028,01h48m39s,+47d49',HETE,
GRB051022,23h56m00s,+19d36',HETE,0.809
GRB051021B,08h24m09s,-45d31',Swift,
GRB051021,01h56m24s,+09d07',HETE,
GRB051016B,08h48m16s,+13d39',Swift,0.9364
GRB051016,08h11m15s,-18d19',Swift,
GRB051012,18h02m15s,-52d48',Swift,
GRB051008,13h31m29s,+42d05',Swift,2.77
GRB051006,07h23m19s,+09d32',Swift,1.059
GRB051001,23h23m53s,-31d32',Swift,2.4296
GRB050925S,20h13m47s,+34d20',Swift,
GRB050922C,21h09m34s,-08d46',Swift,2.198
GRB050922B,00h23m12s,-05d36',Swift,4.5ph
GRB050922X,18h04m37s,-32d01',INTEGRAL,
GRB050918,17h50m26s,-25d25',INTEGRAL,
GRB050916,09h03m58s,-51d26',Swift,
GRB050915B,14h36m23s,-67d24',Swift,
GRB050915,05h26m51s,-28d02',Swift,2.5273
GRB050911S,00h54m46s,-38d52',Swift,
GRB050908,01h21m51s,-12d58',Swift,3.344
GRB050906S,03h31m13s,-14d37',Swift,
GRB050904,00h54m41s,+14d08',Swift,6.29
GRB050827,04h17m07s,+18d13',Swift,
GRB050826,05h50m55s,-02d41',Swift,0.297
GRB050824X,00h48m57s,+22d36',Swift,0.83
GRB050822X,03h24m19s,-46d01',Swift,1.434
GRB050820B,09h02m14s,-72d40',Swift,
GRB050820,22h29m36s,+19d35',Swift,2.612
GRB050819,23h54m56s,+24d51',Swift,2.5043
GRB050815,19h34m18s,+09d10',Swift,
GRB050814,17h36m49s,+46d20',Swift,5.77
GRB050813S,16h08m02s,+11d15',Swift,
GRB050807,20h12m48s,-37d22',HETE,
GRB050803,23h22m36s,+05d48',Swift,3.5ph
GRB050802,14h37m09s,+27d48',Swift,1.71?
GRB050801,13h36m33s,-21d57',Swift,1.38
GRB050730,14h08m16s,-03d46',Swift,3.967
GRB050726,13h20m12s,-32d04',Swift,<3.5
GRB050724S,16h24m51s,-27d31',Swift,0.258
GRB050721,16h53m47s,-28d23',Swift,
GRB050717,14h17m20s,-50d32',Swift,
GRB050716,22h34m23s,+38d42',Swift,
GRB050715,10h22m41s,-00d04',Swift,
GRB050714B,11h18m47s,-15d32',Swift,2.4383
GRB050714,02h54m21s,+69d08',INTEGRAL,
GRB050713B,20h31m22s,+60d55',Swift,
GRB050713,21h22m09s,+77d04',Swift,<3.6
GRB050712,05h10m46s,+64d54',Swift,
GRB050709S,23h01m30s,-38d59',HETE,0.1606
GRB050701,15h09m09s,-59d25',Swift,
GRB050626,12h26m59s,-63d08',INTEGRAL,
GRB050607,20h00m40s,+09d08',Swift,
GRB050603,02h39m55s,-25d11',Swift,
GRB050528,23h34m07s,+45d57',Swift,
GRB050525,18h32m35s,+26d20',Swift,0.606
GRB050522X,13h20m37s,+24d47',INTEGRAL,
GRB050520,12h50m02s,+30d27',INTEGRAL,
GRB050509CX,12h53m08s,-44d51',HETE,
GRB050509BS,12h36m13s,+29d00',Swift,0.226
GRB050509,20h42m21s,+54d04',Swift,
GRB050507,03h12m13s,-11d04',Swift,
GRB050505,09h27m08s,+30d15',Swift,4.27
GRB050504,13h24m01s,+40d40',INTEGRAL,
GRB050502B,09h30m10s,+17d00',Swift,5.2ph
GRB050502,13h29m46s,+42d40',INTEGRAL,3.793
GRB050422,21h37m43s,+55d47',Swift,
GRB050421,20h28m58s,+73d40',Swift,
GRB050418,02h57m22s,-18d32',Swift,
GRB050416B,08h55m25s,+11d10',Swift,
GRB050416X,12h33m55s,+21d03',Swift,0.6535
GRB050412,12h04m29s,-01d15',Swift,
GRB050410,05h58m59s,+79d36',Swift,
GRB050408,12h01m55s,+10d52',HETE,1.2357
GRB050406X,02h17m43s,-50d10',Swift,
GRB050401,16h31m31s,+02d11',Swift,2.90
GRB050326,00h27m26s,-71d22',Swift,
GRB050319,10h16m38s,+43d34',Swift,3.240
GRB050318,03h18m43s,-46d24',Swift,1.44
GRB050315,20h25m53s,-42d35',Swift,1.949
GRB050306,18h49m17s,-09d10',Swift,
GRB050223,18h05m32s,-62d30',Swift,0.5915
GRB050219B,05h25m06s,-57d46',Swift,
GRB050219,11h05m38s,-40d41',Swift,0.211?
GRB050215BX,11h37m48s,+40d48',Swift,2.62
GRB050215,23h13m32s,+49d19',Swift,
GRB050209,08h26m09s,+19d41',HETE,
GRB050202S,19h22m18s,-38d44',Swift,
GRB050129,16h51m12s,-03d05',INTEGRAL,
GRB050128,14h38m21s,-34d46',Swift,<5.5
GRB050126,18h32m27s,+42d23',Swift,1.29
GRB050124,12h51m31s,+13d02',Swift,
GRB050123,10h31m34s,-11d34',HETE,
GRB050117,23h53m42s,+65d56',Swift,
GRB041228,22h26m34s,+05d03',Swift,
GRB041226,05h18m10s,+73d21',Swift,
GRB041224,03h44m48s,-06d39',Swift,
GRB041223,06h40m44s,-37d04',Swift,
GRB041220,19h25m09s,+60d37',Swift,
GRB041219C,22h55m51s,-76d48',Swift,
GRB041219B,11h10m42s,-33d27',Swift,
GRB041219,00h24m26s,+62d50',INTEGRAL,0.3
GRB041218,01h39m06s,+71d20',INTEGRAL,
GRB041217,10h59m10s,-17d57',Swift,
GRB041211,06h43m12s,+20d24',HETE,
GRB041016,01h44m44s,-04d24',HETE,
GRB041015,00h18m37s,+66d52',INTEGRAL,
GRB041006,00h54m53s,+01d12',HETE,0.716
GRB040924,02h06m19s,+16d01',HETE,0.859
GRB040916X,23h01m30s,-05d35',HETE,
GRB040912X,23h56m54s,-01d00',HETE,1.563
GRB040903X,18h03m22s,-25d15',INTEGRAL,
GRB040827,15h16m59s,-16d08',INTEGRAL,
GRB040825BX,22h46m34s,-02d24',HETE,
GRB040825,22h58m59s,-10d56',HETE,
GRB040812X,16h26m05s,-44d43',INTEGRAL,
GRB040810,23h54m08s,-35d04',HETE,
GRB040802,18h47m24s,-44d29',HETE,
GRB040730,15h53m16s,-56d27',INTEGRAL,
GRB040709,20h53m53s,-28d13',HETE,
GRB040701X,20h47m46s,-40d14',HETE,
GRB040624,13h00m10s,-03d35',INTEGRAL,
GRB040511,14h47m50s,-44d15',HETE,
GRB040425,15h31m36s,-39d43',HETE,
GRB040423,15h06m44s,-24d48',HETE,
GRB040422,18h42m00s,+01d59',INTEGRAL,
GRB040403,07h40m55s,+68d13',INTEGRAL,
GRB040323,13h53m53s,-52d21',INTEGRAL,
GRB040319,10h10m41s,-23d47',HETE,
GRB040228B,10h12m12s,-07d20',HETE,
GRB040223,16h39m34s,-41d56',INTEGRAL,
GRB040106,11h52m15s,-46d46',INTEGRAL,
GRB031220,04h39m34s,+07d22',HETE,
GRB031203,08h02m30s,-39d51',INTEGRAL,0.105
GRB031111BX,03h59m05s,+34d36',HETE,
GRB031111,04h49m44s,+17d28',HETE,
GRB031109BX,00h17m03s,-07d09',HETE,
GRB031026,03h18m42s,+28d22',HETE,
GRB030913,20h58m02s,-02d12',HETE,
GRB030824X,00h05m02s,+19d55',HETE,
GRB030823X,21h30m47s,+21d59',HETE,
GRB030821,21h42m33s,-45d12',HETE,
GRB030725,20h33m47s,-50d46',HETE,
GRB030723X,21h49m30s,-27d42',HETE,
GRB030528X,17h04m02s,-22d39',HETE,0.782
GRB030519B,16h04m36s,-33d28',HETE,
GRB030509,05h26m24s,+07d09',IPN,
GRB030501B,18h54m19s,+23d52',IPN,
GRB030501,19h05m30s,+06d18',INTEGRAL,
GRB030429X,12h13m06s,-20d56',HETE,2.65
GRB030418,10h54m53s,-06d59',HETE,
GRB030416X,11h06m51s,-02d53',HETE,
GRB030414,07h59m33s,-48d35',IPN,
GRB030413,13h14m25s,+62d21',IPN,
GRB030329,10h44m50s,+21d31',HETE,0.168
GRB030328,12h10m46s,-09d22',HETE,1.52
GRB030326,19h31m52s,-11d43',IPN,
GRB030325,04h43m07s,-19d06',IPN,
GRB030324,13h37m11s,-00d19',HETE,
GRB030323,11h06m06s,-21d54',HETE,3.372
GRB030320,17h51m31s,-25d18',INTEGRAL,
GRB030306,21h53m27s,-10d52',IPN,
GRB030227,04h57m18s,+20d29',INTEGRAL,
GRB030226,11h33m05s,+25d54',HETE,1.98
GRB030204,00h03m21s,+32d44',IPN,
GRB030131,13h27m08s,+30d46',INTEGRAL,
GRB030115C,12h56m36s,-48d28',IPN,
GRB030115B,21h38m58s,-80d14',IPN,
GRB030115,11h18m30s,+15d02',HETE,
GRB021219,18h50m00s,+31d52',INTEGRAL,
GRB021211,08h08m55s,+06d44',HETE,1.01
GRB021206,16h00m43s,-09d43',IPN,
GRB021204,06h20m33s,+32d06',HETE,
GRB021201,08h07m46s,+21d14',IPN,
GRB021125,19h47m00s,+28d06',INTEGRAL,
GRB021113,01h33m56s,+40d27',HETE,
GRB021112,02h36m52s,+48d51',HETE,
GRB021104X,03h53m48s,+37d57',HETE,
GRB021023,07h24m55s,-16d17',IPN,
GRB021021X,00h17m23s,-01d37',HETE,
GRB021020,21h29m19s,+51d56',IPN,
GRB021016,00h33m44s,+46d47',HETE,
GRB021013,14h51m56s,-56d14',IPN,
GRB021008,12h45m48s,+44d11',IPN,
GRB021004,00h26m56s,+18d56',HETE,2.33
GRB020923,14h06m07s,+50d31',IPN,
GRB020910,13h56m01s,-44d44',IPN,
GRB020904,01h41m58s,-62d07',IPN,
GRB020903X,22h49m01s,-20d56',HETE,0.25
GRB020819B,23h27m24s,+06d16',HETE,1.9621
GRB020813,19h46m38s,-19d35',HETE,1.25
GRB020812,20h38m48s,-05d23',HETE,
GRB020801,20h43m08s,-46d50',HETE,
GRB020715,13h50m13s,+61d51',IPN,
GRB020714,12h09m05s,+83d07',IPN,
GRB020708,09h16m20s,+28d27',IPN,
GRB020706,14h21m35s,-55d46',IPN,
GRB020625BX,20h44m14s,+07d10',HETE,
GRB020604,16h27m32s,-29d48',IPN,
GRB020603,19h31m16s,+04d55',IPN,
GRB020531,15h15m04s,-19d25',HETE,
GRB020525,11h29m33s,-20d21',IPN,
GRB020427X,22h09m34s,-65d20',SAX/WFC,
GRB020418B,08h00m18s,-48d39',IPN,
GRB020413,00h59m38s,-07d07',IPN,
GRB020410,22h07m04s,-83d49',SAX/WFC,
GRB020409,08h45m14s,+66d41',SAX/WFC,
GRB020405,13h58m10s,-31d23',Uly/MO/SAX,0.69
GRB020331,13h16m34s,-17d52',HETE,
GRB020322,17h59m45s,+81d05',SAX/WFC,
GRB020321,16h13m05s,-83d43',SAX/WFC,
GRB020317X,10h23m00s,+12d43',HETE,
GRB020305,12h43m03s,-14d33',HETE,0.2?
GRB020127,08h15m06s,+36d44',HETE,1.9ph
GRB020124,09h33m08s,-11d35',HETE,3.198
GRB011212X,05h00m05s,+32d08',HETE,
GRB011211,11h15m16s,-21d56',SAX/WFC,2.14
GRB011130X,02h57m49s,+07d22',HETE,
GRB011121,11h34m25s,-76d02',SAX/WFC,0.36
GRB011030X,20h43m35s,+77d17',SAX/WFC,<3
GRB011019X,00h42m50s,-12d27',HETE,
GRB010921,22h55m35s,+40d56',HE/Uly/SAX,0.45
GRB010728,11h40m07s,-07d57',RXTE/ASM,
GRB010629B,16h32m38s,-18d43',HETE,
GRB010613,17h00m40s,+14d16',HETE/Uly/Ko,
GRB010612,18h03m18s,-32d08',HETE/Uly/Ko,
GRB010518,10h46m44s,-57d47',SAX/WFC,
GRB010412,19h39m39s,+13d37',SAX/WFC,
GRB010326B,11h24m24s,-11d10',HETE,
GRB010326,08h51m51s,-38d18',HETE/Uly/Ko,
GRB010324,07h11m06s,+20d05',ASM,
GRB010222,14h52m12s,+43d01',SAX/WFC,1.477
GRB010220,02h36m59s,+61d46',SAX/WFC,
GRB010214,17h41m00s,+48d33',SAX/WFC,
GRB010213X,10h31m36s,+05d31',HETE,
GRB010126,11h57m09s,+49d45',ASM/Uly/Ko,
GRB010119S,18h53m50s,+12d01',Uly/Ko/NE,
GRB010115,20h48m28s,-06d21',Uly/Ko/NE,
GRB010109,21h33m03s,-49d31',Uly/Ko/NE,
GRB010104,17h49m46s,+18d14',Uly/Ko/NE,
GRB010103,08h03m47s,-16d07',Uly/Ko/NE,
GRB001219,06h53m44s,-57d29',Uly/Ko/NE,
GRB001212,06h49m35s,+36d22',Uly/Ko/NE,
GRB001204S,02h41m09s,+12d54',Uly/Ko/NE,
GRB001120,22h18m28s,+01d06',Uly/Ko/NE,
GRB001109,18h30m07s,+55d18',SAX/WFC,
GRB001105,13h01m54s,+35d29',Uly/Ko/NE,
GRB001025BS,18h21m41s,-05d08',Uly/Ko/NE,
GRB001025,08h36m36s,-13d04',ASM/Uly,
GRB001020,18h06m32s,-24d46',Uly/Ko/NE,
GRB001019,17h11m44s,+35d20',Uly/Ko/NE,
GRB001018,13h14m10s,+11d49',Uly/Ko/NE,
GRB001017,18h08m42s,-02d59',Uly/Ko/NE,
GRB001011,18h23m28s,-50d54',SAX/WFC,
GRB001007,04h05m52s,-21d54',Uly/Ko/NE,
GRB001005,01h24m05s,+25d00',Uly/Ko/NE,
GRB001004,16h00m21s,-56d49',Uly/Ko/NE,
GRB000926,17h04m15s,+51d46',Uly/Ko/NE,2.066
GRB000925,14h20m27s,+19d49',Uly/Ko/NE,
GRB000911,02h18m42s,+07d48',Uly/Ko/NE,1.058
GRB000910,00h13m34s,-77d58',Uly/Ko/NE,
GRB000830,23h34m12s,+06d21',Uly/Ko/NE,
GRB000820,08h57m21s,-08d49',Uly/Ko/NE,
GRB000812,18h08m44s,+45d51',Uly/Ko/NE,
GRB000811,19h58m20s,+23d32',Uly/Ko/NE,
GRB000801,11h11m46s,-09d25',Uly/Ko/NE,
GRB000730B,08h25m46s,+60d04',Uly/Ko/NE,
GRB000730,12h45m08s,+19d16',Uly/Ko/NE,
GRB000727,11h45m11s,+17d24',Uly/Ko/NE,
GRB000630,14h47m15s,+41d13',Uly/Ko/NE,
GRB000623,11h15m41s,+10d42',Uly/Ko/NE,
GRB000620,07h35m17s,+69d12',SAX/WFC,
GRB000616,11h20m11s,+26d16',Uly/Ko/NE,
GRB000615B,02h22m27s,-17d52',Uly/Ko/NE,
GRB000615,15h32m34s,+73d48',SAX/WFC,
GRB000608,00h25m01s,-69d02',SAX/WFC,
GRB000607S,02h33m59s,+17d09',Uly/Ko/NE,
GRB000604,15h35m47s,+10d41',Uly/Ko/NE,
GRB000529,00h09m08s,-61d32',SAX/WFC,
GRB000528,10h45m25s,-34d00',SAX/WFC,
GRB000519,23h04m39s,+01d10',Uly/Ko/NE,
GRB000516,02h20m16s,-14d50',Uly/Ko/NE,
GRB000508B,16h54m26s,-20d26',ASM/Uly,
GRB000429,06h33m21s,-04d25',Uly/KO/NE,
GRB000424,06h58m52s,+49d52',SAX/WFC,
GRB000419,22h00m16s,+48d17',Uly/KO/NE,
GRB000418,12h25m21s,+20d05',Uly/KO/NE,1.118
GRB000416,17h15m27s,-71d36',SAX/WFC,
GRB000408,09h10m32s,+66d34',Uly/KO/NE,
GRB000326,22h11m23s,-26d08',Uly/KO/NE,
GRB000323,12h51m59s,+48d49',Uly/BA/NE,
GRB000315,22h43m21s,+17d59',Uly/KO/NE,
GRB000307,05h56m19s,+07d56',Uly/KO/NE,
GRB000301C,16h20m22s,+29d25',ASM/Uly,2.03
GRB000301A,23h39m27s,+75d47',Uly/KO/NE,
GRB000214,18h54m18s,-66d27',SAX/WFC,0.37-0.47
GRB000210,01h59m15s,-40d40',SAX/WFC,0.8463
GRB000131,06h13m33s,-51d56',Uly/KO/NE,4.5
GRB000126,07h44m59s,+07d44',Uly/KO/NE,
GRB000115,08h03m12s,-17d06',BAT/PCA,
GRB991217,23h03m15s,+00d15',SAX/WFC,
GRB991216,05h19m31s,+11d11',BAT/PCA,1.02?
GRB991208,16h33m55s,+46d26',Uly/KO/NE,0.706
GRB991106,22h24m48s,+54d22',SAX/WFC,
GRB991105,12h03m01s,-66d48',SAX/WFC,
GRB991014,06h51m06s,+11d36',SAX/WFC,
GRB990908,06h52m54s,-74d59',SAX/WFC,
GRB990907,07h30m48s,-69d24',SAX/WFC,
GRB990806,03h10m35s,-68d07',SAX/WFC,
GRB990712,22h31m50s,-73d24',SAX/WFC,0.434
GRB990705,05h09m32s,-72d09',SAX/WFC,0.842
GRB990704,12h19m10s,-03d48',SAX/WFC,
GRB990627,01h48m25s,-77d05',SAX/WFC,
GRB990625,00h26m34s,-31d12',SAX/WFC,
GRB990527,22h50m26s,-20d53',Uly/KO/NE,
GRB990520,08h35m05s,+51d18',SAX/WFC,
GRB990510,13h38m06s,-80d30',SAX/WFC,1.619
GRB990506,11h54m41s,-26d45',BAT/PCA,1.3
GRB990308,12h23m11s,+06d43',ASM/Uly,
GRB990217,03h02m52s,-53d06',SAX/WFC,
GRB990123,15h25m29s,+44d45',SAX/WFC,1.60
GRB981226,23h29m40s,-23d55',SAX/WFC,
GRB981220,03h42m34s,+17d09',ASM/Uly,
GRB980706,10h48m00s,+57d20',COMP/PCA,
GRB980703,23h59m07s,+08d35.6',RXTE/ASM,0.966
GRB980613,10h17m46s,+71d29.9',SAX/WFC,1.096
GRB980519,23h22m14s,+77d15.3',SAX/WFC,
GRB980515,21h18m04s,-67d14.9',SAX/WFC,
GRB980425,19h34m54s,-52d49.9',SAX/WFC,0.0085
GRB980329,07h02m41s,+38d50.7',SAX/WFC,3.5ph
GRB980326,08h36m26s,-18d53.0',SAX/WFC,1?
GRB980109,00h25m56s,-63d01.4',SAX/WFC,
GRB971227,12h57m35s,+59d15.4',SAX/WFC,
GRB971214,11h56m30s,+65d12.0',SAX/WFC,3.42
GRB971024,18h24m51s,+49d28.9',RXTE/ASM,
GRB970828,18h08m29s,+59d18.0',RXTE/ASM,0.9578
GRB970815,16h08m43s,+81d30.6',RXTE/ASM,
GRB970616,01h18m57s,-05d28.0',XTE/Uly,
GRB970508,06h53m28s,+79d17.4',SAX/WFC,0.835
GRB970402,14h50m16s,-69d19.9',SAX/WFC,
GRB970228,05h01m57s,+11d46.4',SAX/WFC,0.695
GRB970111,15h28m15s,+19d36.3',SAX/WFC,
GRB960720,17h30m37s,+49d05.8',SAX/WFC,
